L.p.,"L.p. Nr Kombinacji",Nr Kombinacj i,Odcinek 1,Odcinek 2,Odcinek 3
1,56,38260,W16,W16,W10
2,77,38264,W16,W16,W14
3,107,38460,W16,W20,W10
4,135,38464,W16,W20,W14
5,180,38266,W16,W16,W16
6,206,38262,W16,W16,W12
7,273,38466,W16,W20,W16
8,292,23260,W10,W16,W10
9,307,38270,W16,W16,W20
10,317,38462,W16,W20,W12
11,355,23264,W10,W16,W14
12,413,23460,W10,W20,W10
13,430,38470,W16,W20,W20
14,466,38265,W16,W16,W15
15,474,38273,W16,W16,W23
16,485,33210,W14,W15,W10
17,487,23464,W10,W20,W14
18,573,33214,W14,W15,W14
19,598,23266,W10,W16,W16
20,615,38465,W16,W20,W15
21,635,38473,W16,W20,W23
22,670,23262,W10,W16,W12
23,710,33260,W14,W16,W10
24,712,25710,W11,W15,W10
25,745,38263,W16,W16,W13
26,791,23466,W10,W20,W16
27,827,33264,W14,W16,W14
28,834,25714,W11,W15,W14
29,844,25610,W11,W13,W10
30,846,23270,W10,W16,W20
31,853,23462,W10,W20,W12
32,906,33216,W14,W15,W16
33,918,33460,W14,W20,W10
34,919,30610,W13,W13,W10
35,934,38463,W16,W20,W13
36,960,25614,W11,W13,W14
37,988,33212,W14,W15,W12
38,1017,38267,W16,W16,W17
39,1033,33464,W14,W20,W14
40,1048,30614,W13,W13,W14
41,1050,23470,W10,W20,W20
42,1105,23265,W10,W16,W15
43,1111,37960,W16,W10,W10
44,1139,23273,W10,W16,W23
45,1199,38261,W16,W16,W11
46,1216,33220,W14,W15,W20
47,1222,33266,W14,W16,W16
48,1243,38467,W16,W20,W17
49,1248,25716,W11,W15,W16
50,1250,37964,W16,W10,W14
51,1335,33262,W14,W16,W12
52,1365,25712,W11,W15,W12
53,1376,23465,W10,W20,W15
54,1392,38272,W16,W16,W22
55,1401,38276,W16,W16,W26
56,1421,23473,W10,W20,W23
57,1443,25616,W11,W13,W16
58,1477,38461,W16,W20,W11
59,1502,40760,W17,W16,W10
60,1511,33466,W14,W20,W16
61,1536,25612,W11,W13,W12
62,1560,30616,W13,W13,W16
63,1574,33215,W14,W15,W15
64,1596,23263,W10,W16,W13
65,1611,33270,W14,W16,W20
66,1615,33462,W14,W20,W12
67,1618,33223,W14,W15,W23
68,1650,40764,W17,W16,W14
69,1668,38472,W16,W20,W22
70,1673,25720,W11,W15,W20
71,1683,38476,W16,W20,W26
72,1690,38760,W16,W26,W10
73,1697,30612,W13,W13,W12
74,1771,37966,W16,W10,W16
75,1795,40960,W17,W20,W10
76,1797,38285,W16,W16,W35
77,1859,38764,W16,W26,W14
78,1868,25620,W11,W13,W20
79,1883,37962,W16,W10,W12
80,1906,23463,W10,W20,W13
81,1927,33470,W14,W20,W20
82,1953,40964,W17,W20,W14
83,2016,33265,W14,W16,W15
84,2024,23267,W10,W16,W17
85,2029,30620,W13,W13,W20
86,2068,33273,W14,W16,W23
87,2099,25715,W11,W15,W15
88,2107,38485,W16,W20,W35
89,2110,38160,W16,W14,W10
90,2134,35710,W15,W15,W10
91,2156,25723,W11,W15,W23
92,2172,33213,W14,W15,W13
93,2209,22960,W10,W10,W10
94,2215,37970,W16,W10,W20
95,2224,40766,W17,W16,W16
96,2295,38164,W16,W14,W14
97,2309,25615,W11,W13,W15
98,2319,23261,W10,W16,W11
99,2340,35714,W15,W15,W14
100,2362,40762,W17,W16,W12
101,2375,33465,W14,W20,W15
102,2383,23467,W10,W20,W17
103,2385,25623,W11,W13,W23
104,2386,38560,W16,W22,W10
105,2421,22964,W10,W10,W14
106,2436,33473,W14,W20,W23
107,2486,38766,W16,W26,W16
108,2542,30615,W13,W13,W15
109,2604,33060,W14,W12,W10
110,2605,28210,W12,W15,W10
111,2608,40966,W17,W20,W16
112,2610,23272,W10,W16,W22
113,2619,38564,W16,W22,W14
114,2627,30623,W13,W13,W23
115,2631,23276,W10,W16,W26
116,2660,38762,W16,W26,W12
117,2723,37965,W16,W10,W15
118,2735,23461,W10,W20,W11
119,2745,33263,W14,W16,W13
120,2751,33217,W14,W15,W17
121,2774,40962,W17,W20,W12
122,2794,40770,W17,W16,W20
123,2814,37973,W16,W10,W23
124,2865,33064,W14,W12,W14
125,2877,28214,W12,W15,W14
126,2884,25713,W11,W15,W13
127,3039,23472,W10,W20,W22
128,3070,38166,W16,W14,W16
129,3072,23476,W10,W20,W26
130,3098,38770,W16,W26,W20
131,3102,23760,W10,W26,W10
132,3120,33211,W14,W15,W11
133,3146,25613,W11,W13,W13
134,3158,35716,W15,W15,W16
135,3166,33463,W14,W20,W13
136,3188,40970,W17,W20,W20
137,3205,38162,W16,W14,W12
138,3214,22966,W10,W10,W16
139,3225,23285,W10,W16,W35
140,3312,40765,W17,W16,W15
141,3331,35712,W15,W15,W12
142,3351,33267,W14,W16,W17
143,3355,23764,W10,W26,W14
144,3382,25560,W11,W12,W10
145,3387,22962,W10,W10,W12
146,3404,40773,W17,W16,W23
147,3414,38566,W16,W22,W16
148,3425,30613,W13,W13,W13
149,3444,33222,W14,W15,W22
150,3479,33226,W14,W15,W26
151,3538,37963,W16,W10,W13
152,3540,25717,W11,W15,W17
153,3609,38562,W16,W22,W12
154,3661,38765,W16,W26,W15
155,3681,25564,W11,W12,W14
156,3691,38170,W16,W14,W20
157,3692,23485,W10,W20,W35
158,3749,33066,W14,W12,W16
159,3792,40965,W17,W20,W15
160,3795,38773,W16,W26,W23
161,3796,33261,W14,W16,W11
162,3801,28216,W12,W15,W16
163,3831,85760,W35,W16,W10
164,3857,33467,W14,W20,W17
165,3858,25617,W11,W13,W17
166,3894,35720,W15,W15,W20
167,3900,40973,W17,W20,W23
168,3943,22970,W10,W10,W20
169,3968,33062,W14,W12,W12
170,4021,28212,W12,W15,W12
171,4024,25711,W11,W15,W11
172,4091,85764,W35,W16,W14
173,4140,38570,W16,W22,W20
174,4146,33272,W14,W16,W22
175,4155,23560,W10,W22,W10
176,4182,33276,W14,W16,W26
177,4193,30617,W13,W13,W17
178,4215,33235,W14,W15,W35
179,4234,40763,W17,W16,W13
180,4241,37967,W16,W10,W17
181,4265,85960,W35,W20,W10
182,4294,33461,W14,W20,W11
183,4304,23766,W10,W26,W16
184,4316,25611,W11,W13,W11
185,4328,38165,W16,W14,W15
186,4381,25722,W11,W15,W22
187,4430,25726,W11,W15,W26
188,4441,38173,W16,W14,W23
189,4462,23564,W10,W22,W14
190,4506,23762,W10,W26,W12
191,4517,33070,W14,W12,W20
192,4527,85964,W35,W20,W14
193,4551,35715,W15,W15,W15
194,4566,22965,W10,W10,W15
195,4584,28220,W12,W15,W20
196,4634,38763,W16,W26,W13
197,4654,33472,W14,W20,W22
198,4668,35723,W15,W15,W23
199,4672,37961,W16,W10,W11
200,4678,30611,W13,W13,W11
201,4680,22973,W10,W10,W23
202,4690,25622,W11,W13,W22
203,4694,33476,W14,W20,W26
204,4716,40963,W17,W20,W13
205,4720,25566,W11,W12,W16
206,4733,25626,W11,W13,W26
207,4784,38565,W16,W22,W15
208,4814,33760,W14,W26,W10
209,4935,38573,W16,W22,W23
210,4972,40767,W17,W16,W17
211,4973,33285,W14,W16,W35
212,4975,85766,W35,W16,W16
213,4979,25562,W11,W12,W12
214,5086,37972,W16,W10,W22
215,5127,23770,W10,W26,W20
216,5134,30622,W13,W13,W22
217,5136,37976,W16,W10,W26
218,5161,33764,W14,W26,W14
219,5170,85762,W35,W16,W12
220,5182,30626,W13,W13,W26
221,5249,33065,W14,W12,W15
222,5285,25735,W11,W15,W35
223,5332,40460,W17,W10,W10
224,5358,28215,W12,W15,W15
225,5363,38163,W16,W14,W13
226,5404,33073,W14,W12,W23
227,5454,38767,W16,W26,W17
228,5481,85966,W35,W20,W16
229,5484,40761,W17,W16,W11
230,5527,28223,W12,W15,W23
231,5528,40967,W17,W20,W17
232,5553,23566,W10,W22,W16
233,5554,33485,W14,W20,W35
234,5576,33160,W14,W14,W10
235,5635,25635,W11,W13,W35
236,5649,25570,W11,W12,W20
237,5661,40464,W17,W10,W14
238,5669,85962,W35,W20,W12
239,5675,22963,W10,W10,W13
240,5696,35713,W15,W15,W13
241,5731,85770,W35,W16,W20
242,5781,23562,W10,W22,W12
243,5866,23765,W10,W26,W15
244,5874,40772,W17,W16,W22
245,5916,38563,W16,W22,W13
246,5922,33164,W14,W14,W14
247,5932,40776,W17,W16,W26
248,5967,37985,W16,W10,W35
249,5975,38761,W16,W26,W11
250,6023,23773,W10,W26,W23
251,6030,40961,W17,W20,W11
252,6060,86036,W35,W21,W36
253,6095,30635,W13,W13,W35
254,6134,33560,W14,W22,W10
255,6153,38167,W16,W14,W17
256,6224,85970,W35,W20,W20
257,6286,85886,W35,W18,W36
258,6317,33766,W14,W26,W16
259,6374,38772,W16,W26,W22
260,6379,85765,W35,W16,W15
261,6414,40972,W17,W20,W22
262,6422,23570,W10,W22,W20
263,6431,33063,W14,W12,W13
264,6434,38776,W16,W26,W26
265,6439,25565,W11,W12,W15
266,6444,35560,W15,W12,W10
267,6480,40976,W17,W20,W26
268,6490,33564,W14,W22,W14
269,6501,86018,W35,W21,W18
270,6513,22967,W10,W10,W17
271,6528,85773,W35,W16,W23
272,6563,33762,W14,W26,W12
273,6575,35717,W15,W15,W17
274,6586,28213,W12,W15,W13
275,6609,86032,W35,W21,W32
276,6627,25573,W11,W12,W23
277,6646,41260,W17,W26,W10
278,6680,86033,W35,W21,W33
279,6689,38161,W16,W14,W11
280,6737,38567,W16,W22,W17
281,6758,25660,W11,W14,W10
282,6765,85868,W35,W18,W18
283,6781,40785,W17,W16,W35
284,6793,40466,W17,W10,W16
285,6835,35564,W15,W12,W14
286,6874,85882,W35,W18,W32
287,6917,85965,W35,W20,W15
288,6949,86042,W35,W21,W42
289,6958,85883,W35,W18,W33
290,7010,41264,W17,W26,W14
291,7040,40462,W17,W10,W12
292,7067,23763,W10,W26,W13
293,7075,85973,W35,W20,W23
294,7093,22961,W10,W10,W11
295,7095,33166,W14,W14,W16
296,7120,38172,W16,W14,W22
297,7148,25664,W11,W14,W14
298,7177,35711,W15,W15,W11
299,7190,38176,W16,W14,W26
300,7225,23565,W10,W22,W15
301,7228,85892,W35,W18,W42
302,7248,86043,W35,W21,W43
303,7298,33770,W14,W26,W20
304,7307,30660,W13,W14,W10
305,7332,38561,W16,W22,W11
306,7355,33162,W14,W14,W12
307,7364,38785,W16,W26,W35
308,7367,33067,W14,W12,W17
309,7378,40985,W17,W20,W35
310,7407,23573,W10,W22,W23
311,7415,28060,W12,W12,W10
312,7460,85763,W35,W16,W13
313,7505,85893,W35,W18,W43
314,7511,22972,W10,W10,W22
315,7520,28217,W12,W15,W17
316,7571,22976,W10,W10,W26
317,7606,35722,W15,W15,W22
318,7637,33010,W14,W11,W10
319,7664,30664,W13,W14,W14
320,7673,35726,W15,W15,W26
321,7696,40470,W17,W10,W20
322,7710,38572,W16,W22,W22
323,7720,33566,W14,W22,W16
324,7738,25563,W11,W12,W13
325,7780,28064,W12,W12,W14
326,7782,38576,W16,W22,W26
327,7936,23767,W10,W26,W17
328,7938,33061,W14,W12,W11
329,7982,85963,W35,W20,W13
330,7983,33562,W14,W22,W12
331,7989,86021,W35,W21,W21
332,8004,41060,W17,W22,W10
333,8034,33014,W14,W11,W14
334,8039,33170,W14,W14,W20
335,8045,86027,W35,W21,W27
336,8066,38185,W16,W14,W35
337,8072,33765,W14,W26,W15
338,8093,35566,W15,W12,W16
339,8110,86029,W35,W21,W29
340,8131,28211,W12,W15,W11
341,8172,41266,W17,W26,W16
342,8204,85767,W35,W16,W17
343,8248,33773,W14,W26,W23
344,8252,86024,W35,W21,W24
345,8256,85871,W35,W18,W21
346,8301,85877,W35,W18,W27
347,8306,35562,W15,W12,W12
348,8316,86038,W35,W21,W38
349,8322,41064,W17,W22,W14
350,8332,33072,W14,W12,W22
351,8335,86037,W35,W21,W37
352,8351,25666,W11,W14,W16
353,8369,85879,W35,W18,W29
354,8403,41262,W17,W26,W12
355,8411,23563,W10,W22,W13
356,8438,33076,W14,W12,W26
357,8441,40465,W17,W10,W15
358,8482,22985,W10,W10,W35
359,8514,23761,W10,W26,W11
360,8551,86030,W35,W21,W30
361,8579,85874,W35,W18,W24
362,8589,28222,W12,W15,W22
363,8633,85460,W35,W10,W10
364,8652,25662,W11,W14,W12
365,8656,35735,W15,W15,W35
366,8672,85888,W35,W18,W38
367,8673,40473,W17,W10,W23
368,8698,28226,W12,W15,W26
369,8699,71336,W29,W27,W36
370,8703,25567,W11,W12,W17
371,8704,85887,W35,W18,W37
372,8733,38585,W16,W22,W35
373,8739,33570,W14,W22,W20
374,8784,85761,W35,W16,W11
375,8785,85967,W35,W20,W17
376,8839,33165,W14,W14,W15
377,8847,12705,W6,W5,W5
378,8885,85880,W35,W18,W30
379,8943,23772,W10,W26,W22
380,8951,85464,W35,W10,W14
381,8962,86040,W35,W21,W40
382,8977,30666,W13,W14,W16
383,9022,86045,W35,W21,W45
384,9029,33173,W14,W14,W23
385,9037,25510,W11,W11,W10
386,9048,23776,W10,W26,W26
387,9053,86044,W35,W21,W44
388,9054,86041,W35,W21,W41
389,9121,35570,W15,W12,W20
390,9132,28066,W12,W12,W16
391,9135,85772,W35,W16,W22
392,9139,71318,W29,W27,W18
393,9155,41270,W17,W26,W20
394,9202,85776,W35,W16,W26
395,9225,71332,W29,W27,W32
396,9264,30662,W13,W14,W12
397,9293,85961,W35,W20,W11
398,9298,85890,W35,W18,W40
399,9301,71333,W29,W27,W33
400,9333,33016,W14,W11,W16
401,9342,25561,W11,W12,W11
402,9353,23567,W10,W22,W17
403,9360,85895,W35,W18,W45
404,9380,33763,W14,W26,W13
405,9392,85894,W35,W18,W44
406,9394,85891,W35,W18,W41
407,9418,28062,W12,W12,W12
408,9426,25670,W11,W14,W20
409,9453,33085,W14,W12,W35
410,9462,25514,W11,W11,W14
411,9541,33565,W14,W22,W15
412,9556,71342,W29,W27,W42
413,9608,41066,W17,W22,W16
414,9612,33012,W14,W11,W12
415,9615,66336,W27,W27,W36
416,9673,85972,W35,W20,W22
417,9711,30510,W13,W11,W10
418,9717,28235,W12,W15,W35
419,9728,40463,W17,W10,W13
420,9749,85976,W35,W20,W26
421,9756,33573,W14,W22,W23
422,9797,25572,W11,W12,W22
423,9812,71343,W29,W27,W43
424,9847,41062,W17,W22,W12
425,9903,25576,W11,W12,W26
426,9929,41265,W17,W26,W15
427,9945,35565,W15,W12,W15
428,9974,86260,W35,W26,W10
429,9975,23561,W10,W22,W11
430,10026,23785,W10,W26,W35
431,10081,85785,W35,W16,W35
432,10082,66318,W27,W27,W18
433,10088,30670,W13,W14,W20
434,10121,85466,W35,W10,W16
435,10154,33163,W14,W14,W13
436,10157,30514,W13,W11,W14
437,10190,66332,W27,W27,W32
438,10200,41273,W17,W26,W23
439,10219,35660,W15,W14,W10
440,10221,35573,W15,W12,W23
441,10246,28070,W12,W12,W20
442,10272,66333,W27,W27,W33
443,10273,25665,W11,W14,W15
444,10342,33767,W14,W26,W17
445,10351,86264,W35,W26,W14
446,10356,85462,W35,W10,W12
447,10416,33020,W14,W11,W20
448,10433,23572,W10,W22,W22
449,10458,63260,W26,W16,W10
450,10512,25673,W11,W14,W23
451,10516,66342,W27,W27,W42
452,10522,83836,W34,W27,W36
453,10537,23576,W10,W22,W26
454,10586,71321,W29,W27,W21
455,10588,48260,W20,W16,W10
456,10598,38310,W16,W17,W10
457,10618,35664,W15,W14,W14
458,10629,41070,W17,W22,W20
459,10633,85985,W35,W20,W35
460,10641,71327,W29,W27,W27
461,10651,40467,W17,W10,W17
462,10712,71329,W29,W27,W29
463,10795,66343,W27,W27,W43
464,10810,63264,W26,W16,W14
465,10872,71324,W29,W27,W24
466,10882,25516,W11,W11,W16
467,10910,33563,W14,W22,W13
468,10947,71338,W29,W27,W38
469,10952,30665,W13,W14,W15
470,10963,48264,W20,W16,W14
471,10972,71337,W29,W27,W37
472,10994,25585,W11,W12,W35
473,11005,83818,W34,W27,W18
474,11007,38314,W16,W17,W14
475,11019,33761,W14,W26,W11
476,11025,63460,W26,W20,W10
477,11059,85470,W35,W10,W20
478,11115,33167,W14,W14,W17
479,11118,83832,W34,W27,W32
480,11138,28065,W12,W12,W15
481,11165,71330,W29,W27,W30
482,11178,25512,W11,W11,W12
483,11181,48460,W20,W20,W10
484,11183,83833,W34,W27,W33
485,11233,30673,W13,W14,W23
486,11273,33015,W14,W11,W15
487,11295,41263,W17,W26,W13
488,11296,40461,W17,W10,W11
489,11345,86060,W35,W22,W10
490,11360,28160,W12,W14,W10
491,11364,63464,W26,W20,W14
492,11411,35563,W15,W12,W13
493,11417,28073,W12,W12,W23
494,11440,41065,W17,W22,W15
495,11451,83842,W34,W27,W42
496,11479,33772,W14,W26,W22
497,11553,86266,W35,W26,W16
498,11557,33023,W14,W11,W23
499,11558,71340,W29,W27,W40
500,11570,48464,W20,W20,W14
501,11579,23585,W10,W22,W35
502,11602,33776,W14,W26,W26
503,11603,66321,W27,W27,W21
504,11616,71345,W29,W27,W45
505,11636,71344,W29,W27,W44
506,11637,71341,W29,W27,W41
507,11656,30516,W13,W11,W16
508,11657,66327,W27,W27,W27
509,11703,25663,W11,W14,W13
510,11716,41073,W17,W22,W23
511,11722,86064,W35,W22,W14
512,11732,66329,W27,W27,W29
513,11748,83843,W34,W27,W43
514,11750,40472,W17,W10,W22
515,11799,33161,W14,W14,W11
516,11808,85465,W35,W10,W15
517,11814,28164,W12,W14,W14
518,11817,86262,W35,W26,W12
519,11883,40476,W17,W10,W26
520,11911,66324,W27,W27,W24
521,11928,33567,W14,W22,W17
522,11985,30512,W13,W11,W12
523,11999,66338,W27,W27,W38
524,12022,66337,W27,W27,W37
525,12035,63266,W26,W16,W16
526,12053,35666,W15,W14,W16
527,12078,85473,W35,W10,W23
528,12115,25520,W11,W11,W20
529,12241,66330,W27,W27,W30
530,12300,33172,W14,W14,W22
531,12315,63262,W26,W16,W12
532,12331,41267,W17,W26,W17
533,12335,48266,W20,W16,W16
534,12381,35662,W15,W14,W12
535,12444,33176,W14,W14,W26
536,12493,38316,W16,W17,W16
537,12522,35567,W15,W12,W17
538,12564,30663,W13,W14,W13
539,12619,48262,W20,W16,W12
540,12637,86270,W35,W26,W20
541,12645,83821,W34,W27,W21
542,12663,63466,W26,W20,W16
543,12695,66340,W27,W27,W40
544,12708,83827,W34,W27,W27
545,12718,33561,W14,W22,W11
546,12757,66345,W27,W27,W45
547,12762,28063,W12,W12,W13
548,12785,83829,W34,W27,W29
549,12788,33785,W14,W26,W35
550,12791,66344,W27,W27,W44
551,12792,66341,W27,W27,W41
552,12793,38312,W16,W17,W12
553,12822,25667,W11,W14,W17
554,12880,33013,W14,W11,W13
555,12926,63462,W26,W20,W12
556,12972,41063,W17,W22,W13
557,12983,83824,W34,W27,W24
558,13004,48466,W20,W20,W16
559,13040,35510,W15,W11,W10
560,13043,40485,W17,W10,W35
561,13044,30520,W13,W11,W20
562,13083,83838,W34,W27,W38
563,13100,41261,W17,W26,W11
564,13105,83837,W34,W27,W37
565,13110,86066,W35,W22,W16
566,13123,25515,W11,W11,W15
567,13127,63270,W26,W16,W20
568,13222,85463,W35,W10,W13
569,13251,33572,W14,W22,W22
570,13294,48462,W20,W20,W12
571,13317,83830,W34,W27,W30
572,13335,35670,W15,W14,W20
573,13347,35561,W15,W12,W11
574,13363,10205,W5,W5,W5
575,13392,86062,W35,W22,W12
576,13405,33576,W14,W22,W26
577,13455,63536,W26,W21,W36
578,13463,28166,W12,W14,W16
579,13487,25523,W11,W11,W23
580,13490,86265,W35,W26,W15
581,13513,48270,W20,W16,W20
582,13537,35514,W15,W11,W14
583,13597,41272,W17,W26,W22
584,13648,33185,W14,W14,W35
585,13664,25661,W11,W14,W11
586,13745,30667,W13,W14,W17
587,13747,41276,W17,W26,W26
588,13769,63470,W26,W20,W20
589,13772,38320,W16,W17,W20
590,13795,83840,W34,W27,W40
591,13797,28162,W12,W14,W12
592,13798,86273,W35,W26,W23
593,13851,83845,W34,W27,W45
594,13872,83841,W34,W27,W41
595,13873,83844,W34,W27,W44
596,13875,35572,W15,W12,W22
597,13937,63265,W26,W16,W15
598,13942,63386,W26,W18,W36
599,13958,23310,W10,W17,W10
600,13960,28067,W12,W12,W17
601,14033,35576,W15,W12,W26
602,14041,33017,W14,W11,W17
603,14055,63518,W26,W21,W18
604,14067,41067,W17,W22,W17
605,14085,30515,W13,W11,W15
606,14177,25672,W11,W14,W22
607,14180,48470,W20,W20,W20
608,14184,63532,W26,W21,W32
609,14201,85467,W35,W10,W17
610,14237,86070,W35,W22,W20
611,14240,63273,W26,W16,W23
612,14291,63533,W26,W21,W33
613,14292,35665,W15,W14,W15
614,14332,25676,W11,W14,W26
615,14382,48265,W20,W16,W15
616,14453,23314,W10,W17,W14
617,14467,30523,W13,W11,W23
618,14546,28010,W12,W11,W10
619,14588,63465,W26,W20,W15
620,14597,63368,W26,W18,W18
621,14616,30661,W13,W14,W11
622,14645,33585,W14,W22,W35
623,14646,63542,W26,W21,W42
624,14663,35673,W15,W14,W23
625,14714,63382,W26,W18,W32
626,14717,38315,W16,W17,W15
627,14723,48273,W20,W16,W23
628,14815,28170,W12,W14,W20
629,14837,63383,W26,W18,W33
630,14853,28061,W12,W12,W11
631,14879,41061,W17,W22,W11
632,14891,63473,W26,W20,W23
633,14909,25513,W11,W11,W13
634,14911,33011,W14,W11,W11
635,14950,85461,W35,W10,W11
636,14955,41285,W17,W26,W35
637,14979,86263,W35,W26,W13
638,15008,63543,W26,W21,W43
639,15057,28014,W12,W11,W14
640,15075,48465,W20,W20,W15
641,15091,38323,W16,W17,W23
642,15108,86065,W35,W22,W15
643,15132,6110,W3,W23,W10
644,15161,30672,W13,W14,W22
645,15203,63392,W26,W18,W42
646,15267,35516,W15,W11,W16
647,15364,35585,W15,W12,W35
648,15366,30676,W13,W14,W26
649,15405,41072,W17,W22,W22
650,15425,85472,W35,W10,W22
651,15439,28072,W12,W12,W22
652,15443,63263,W26,W16,W13
653,15450,48473,W20,W20,W23
654,15466,86073,W35,W22,W23
655,15479,33022,W14,W11,W22
656,15557,71786,W29,W36,W36
657,15591,41076,W17,W22,W26
658,15596,85476,W35,W10,W26
659,15601,63393,W26,W18,W43
660,15642,28076,W12,W12,W26
661,15654,35512,W15,W11,W12
662,15674,33026,W14,W11,W26
663,15687,25685,W11,W14,W35
664,15701,6114,W3,W23,W14
665,15864,28165,W12,W14,W15
666,16018,30513,W13,W11,W13
667,16036,48263,W20,W16,W13
668,16041,86267,W35,W26,W17
669,16091,35663,W15,W14,W13
670,16101,63463,W26,W20,W13
671,16133,63521,W26,W21,W21
672,16142,71768,W29,W36,W18
673,16198,25517,W11,W11,W17
674,16212,63527,W26,W21,W27
675,16229,23316,W10,W17,W16
676,16273,71782,W29,W36,W32
677,16301,28173,W12,W14,W23
678,16321,63529,W26,W21,W29
679,16403,71783,W29,W36,W33
680,16515,63267,W26,W16,W17
681,16555,38313,W16,W17,W13
682,16570,63524,W26,W21,W24
683,16606,23312,W10,W17,W12
684,16688,63538,W26,W21,W38
685,16725,63537,W26,W21,W37
686,16759,86063,W35,W22,W13
687,16760,71792,W29,W36,W42
688,16791,63371,W26,W18,W21
689,16794,85485,W35,W10,W35
690,16795,48463,W20,W20,W13
691,16810,35520,W15,W11,W20
692,16813,30685,W13,W14,W35
693,16866,63377,W26,W18,W27
694,16877,86261,W35,W26,W11
695,16919,41085,W17,W22,W35
696,16966,63379,W26,W18,W29
697,16984,63530,W26,W21,W30
698,17021,28016,W12,W11,W16
699,17092,33035,W14,W11,W35
700,17104,71793,W29,W36,W43
701,17110,28085,W12,W12,W35
702,17189,63467,W26,W20,W17
703,17216,62960,W26,W10,W10
704,17217,63374,W26,W18,W24
705,17218,48267,W20,W16,W17
706,17227,25511,W11,W11,W11
707,17277,21110,W9,W23,W10
708,17316,63261,W26,W16,W11
709,17333,63388,W26,W18,W38
710,17358,63387,W26,W18,W37
711,17362,86272,W35,W26,W22
712,17372,35667,W15,W14,W17
713,17401,28012,W12,W11,W12
714,17404,30517,W13,W11,W17
715,17480,33310,W14,W17,W10
716,17542,86276,W35,W26,W26
717,17549,63540,W26,W21,W40
718,17615,6116,W3,W23,W16
719,17618,63380,W26,W18,W30
720,17627,63545,W26,W21,W45
721,17659,62964,W26,W10,W14
722,17660,63541,W26,W21,W41
723,17662,63544,W26,W21,W44
724,17750,23320,W10,W17,W20
725,17773,63272,W26,W16,W22
726,17793,38317,W16,W17,W17
727,17798,25522,W11,W11,W22
728,17819,28163,W12,W14,W13
729,17834,21114,W9,W23,W14
730,17842,86067,W35,W22,W17
731,17894,35515,W15,W11,W15
732,17903,15205,W7,W5,W5
733,17930,48467,W20,W20,W17
734,17960,63276,W26,W16,W26
735,17975,63461,W26,W20,W11
736,17976,47960,W20,W10,W10
737,18003,6112,W3,W23,W12
738,18024,25526,W11,W11,W26
739,18038,33314,W14,W17,W14
740,18069,48261,W20,W16,W11
741,18114,71436,W29,W29,W36
742,18139,71771,W29,W36,W21
743,18190,63390,W26,W18,W40
744,18200,71777,W29,W36,W27
745,18285,63395,W26,W18,W45
746,18305,71779,W29,W36,W29
747,18319,35661,W15,W14,W11
748,18329,63391,W26,W18,W41
749,18334,63394,W26,W18,W44
750,18373,35523,W15,W11,W23
751,18458,63472,W26,W20,W22
752,18463,30511,W13,W11,W11
753,18478,12756,W6,W6,W6
754,18494,47964,W20,W10,W14
755,18540,71774,W29,W36,W24
756,18611,48272,W20,W16,W22
757,18652,28020,W12,W11,W20
758,18662,63476,W26,W20,W26
759,18663,71788,W29,W36,W38
760,18688,71787,W29,W36,W37
761,18707,86061,W35,W22,W11
762,18761,38311,W16,W17,W11
763,18784,86285,W35,W26,W35
764,18787,71418,W29,W29,W18
765,18810,48276,W20,W16,W26
766,18833,23315,W10,W17,W15
767,18840,48461,W20,W20,W11
768,18907,35672,W15,W14,W22
769,18934,71432,W29,W29,W32
770,18936,71780,W29,W36,W30
771,19062,71433,W29,W29,W33
772,19099,30522,W13,W11,W22
773,19151,35676,W15,W14,W26
774,19172,28167,W12,W14,W17
775,19198,63285,W26,W16,W35
776,19215,63760,W26,W26,W10
777,19216,86072,W35,W22,W22
778,19252,6120,W3,W23,W20
779,19314,62966,W26,W10,W16
780,19322,23323,W10,W17,W23
781,19331,38322,W16,W17,W22
782,19340,30526,W13,W11,W26
783,19351,48472,W20,W20,W22
784,19398,86076,W35,W22,W26
785,19414,71442,W29,W29,W42
786,19456,71790,W29,W36,W40
787,19540,71795,W29,W36,W45
788,19553,38326,W16,W17,W26
789,19556,25535,W11,W11,W35
790,19558,48476,W20,W20,W26
791,19566,71791,W29,W36,W41
792,19573,71794,W29,W36,W44
793,19598,66436,W27,W29,W36
794,19620,62962,W26,W10,W12
795,19684,63764,W26,W26,W14
796,19787,71443,W29,W29,W43
797,19806,28015,W12,W11,W15
798,19826,40810,W17,W17,W10
799,19901,63485,W26,W20,W35
800,19907,21116,W9,W23,W16
801,19978,35513,W15,W11,W13
802,20039,33316,W14,W17,W16
803,20183,48285,W20,W16,W35
804,20217,48760,W20,W26,W10
805,20223,28161,W12,W14,W11
806,20321,21112,W9,W23,W12
807,20322,66418,W27,W29,W18
808,20332,47966,W20,W10,W16
809,20379,28023,W12,W11,W23
810,20408,40814,W17,W17,W14
811,20409,6115,W3,W23,W15
812,20460,66432,W27,W29,W32
813,20477,33312,W14,W17,W12
814,20584,66433,W27,W29,W33
815,20645,35685,W15,W14,W35
816,20708,47962,W20,W10,W12
817,20726,62970,W26,W10,W20
818,20753,86085,W35,W22,W35
819,20793,48764,W20,W26,W14
820,20816,51036,W21,W21,W36
821,20855,28172,W12,W14,W22
822,20924,83936,W34,W29,W36
823,20948,23313,W10,W17,W13
824,20996,48485,W20,W20,W35
825,21017,6123,W3,W23,W23
826,21020,71421,W29,W29,W21
827,21024,66442,W27,W29,W42
828,21032,30535,W13,W11,W35
829,21060,7425,W3,W49,W25
830,21071,7450,W3,W49,W50
831,21092,71427,W29,W29,W27
832,21115,38335,W16,W17,W35
833,21133,28176,W12,W14,W26
834,21151,1110,W1,W23,W10
835,21164,63560,W26,W22,W10
836,21171,7409,W3,W49,W9
837,21192,71429,W29,W29,W29
838,21401,66443,W27,W29,W43
839,21434,71424,W29,W29,W24
840,21468,35517,W15,W11,W17
841,21507,63766,W26,W26,W16
842,21552,71438,W29,W29,W38
843,21594,71437,W29,W29,W37
844,21608,51018,W21,W21,W18
845,21630,50886,W21,W18,W36
846,21650,83918,W34,W29,W18
847,21692,63564,W26,W22,W14
848,21708,21120,W9,W23,W20
849,21722,62965,W26,W10,W15
850,21747,51032,W21,W21,W32
851,21791,83932,W34,W29,W32
852,21818,1114,W1,W23,W14
853,21835,33320,W14,W17,W20
854,21855,63762,W26,W26,W12
855,21866,71430,W29,W29,W30
856,21919,51033,W21,W21,W33
857,21931,47970,W20,W10,W20
858,21936,83933,W34,W29,W33
859,22131,28013,W12,W11,W13
860,22195,62973,W26,W10,W23
861,22344,83942,W34,W29,W42
862,22377,51042,W21,W21,W42
863,22390,23317,W10,W17,W17
864,22433,48560,W20,W22,W10
865,22483,50868,W21,W18,W18
866,22502,71440,W29,W29,W40
867,22547,40816,W17,W17,W16
868,22589,71445,W29,W29,W45
869,22614,71441,W29,W29,W41
870,22619,71444,W29,W29,W44
871,22631,50882,W21,W18,W32
872,22650,35511,W15,W11,W11
873,22694,66421,W27,W29,W21
874,22764,83943,W34,W29,W43
875,22772,6113,W3,W23,W13
876,22786,66427,W27,W29,W27
877,22804,50883,W21,W18,W33
878,22819,48766,W20,W26,W16
879,22821,28185,W12,W14,W35
880,22829,51043,W21,W21,W43
881,22909,66429,W27,W29,W29
882,22979,40812,W17,W17,W12
883,23008,21115,W9,W23,W15
884,23051,48564,W20,W22,W14
885,23061,7449,W3,W49,W49
886,23067,63770,W26,W26,W20
887,23071,47965,W20,W10,W15
888,23097,33315,W14,W17,W15
889,23149,7448,W3,W49,W48
890,23171,66424,W27,W29,W24
891,23226,48762,W20,W26,W12
892,23289,50892,W21,W18,W42
893,23294,66438,W27,W29,W38
894,23302,35522,W15,W11,W22
895,23325,66437,W27,W29,W37
896,23435,58986,W24,W30,W36
897,23494,72236,W29,W45,W36
898,23588,23311,W10,W17,W11
899,23596,22425,W9,W49,W25
900,23607,22450,W9,W49,W50
901,23616,63566,W26,W22,W16
902,23621,66430,W27,W29,W30
903,23622,35526,W15,W11,W26
904,23629,47973,W20,W10,W23
905,23645,21123,W9,W23,W23
906,23713,62963,W26,W10,W13
907,23718,22409,W9,W49,W9
908,23729,33323,W14,W17,W23
909,23742,50893,W21,W18,W43
910,23760,28017,W12,W11,W17
911,23883,85810,W35,W17,W10
912,23997,63562,W26,W22,W12
913,24111,63765,W26,W26,W15
914,24114,83921,W34,W29,W21
915,24124,68851,W28,W28,W1
916,24150,58968,W24,W30,W18
917,24206,83927,W34,W29,W27
918,24241,23322,W10,W17,W22
919,24272,1116,W1,W23,W16
920,24282,66440,W27,W29,W40
921,24286,58982,W24,W30,W32
922,24308,72218,W29,W45,W18
923,24311,51021,W21,W21,W21
924,24330,83929,W34,W29,W29
925,24379,6117,W3,W23,W17
926,24393,40820,W17,W17,W20
927,24395,66445,W27,W29,W45
928,24416,51027,W21,W21,W27
929,24438,66441,W27,W29,W41
930,24449,66444,W27,W29,W44
931,24460,58983,W24,W30,W33
932,24479,72232,W29,W45,W32
933,24504,85814,W35,W17,W14
934,24551,51029,W21,W21,W29
935,24590,48770,W20,W26,W20
936,24596,23326,W10,W17,W26
937,24619,83924,W34,W29,W24
938,24658,72233,W29,W45,W33
939,24717,63773,W26,W26,W23
940,24752,83938,W34,W29,W38
941,24793,1112,W1,W23,W12
942,24798,83937,W34,W29,W37
943,24847,51024,W21,W21,W24
944,24865,58992,W24,W30,W42
945,24994,51038,W21,W21,W38
946,25042,51037,W21,W21,W37
947,25058,62967,W26,W10,W17
948,25090,83930,W34,W29,W30
949,25105,72242,W29,W45,W42
950,25108,28011,W12,W11,W11
951,25223,48566,W20,W22,W16
952,25247,58993,W24,W30,W43
953,25306,63570,W26,W22,W20
954,25322,47963,W20,W10,W13
955,25325,50871,W21,W18,W21
956,25375,51030,W21,W21,W30
957,25397,67236,W27,W45,W36
958,25413,50877,W21,W18,W27
959,25483,35535,W15,W11,W35
960,25518,72243,W29,W45,W43
961,25539,50879,W21,W18,W29
962,25586,21113,W9,W23,W13
963,25604,33313,W14,W17,W13
964,25638,48562,W20,W22,W12
965,25642,40815,W17,W17,W15
966,25652,10256,W5,W6,W6
967,25695,6111,W3,W23,W11
968,25757,83940,W34,W29,W40
969,25759,48765,W20,W26,W15
970,25765,22449,W9,W49,W49
971,25803,28022,W12,W11,W22
972,25806,68858,W28,W28,W8
973,25859,50874,W21,W18,W24
974,25866,83945,W34,W29,W45
975,25870,22448,W9,W49,W48
976,25883,39210,W16,W35,W10
977,25899,83941,W34,W29,W41
978,25903,83944,W34,W29,W44
979,25929,7403,W3,W49,W3
980,25950,18610,W8,W23,W10
981,26019,50888,W21,W18,W38
982,26054,50887,W21,W18,W37
983,26109,51040,W21,W21,W40
984,26135,93986,W38,W30,W36
985,26159,62961,W26,W10,W11
986,26172,28026,W12,W11,W26
987,26213,51045,W21,W21,W45
988,26241,67218,W27,W45,W18
989,26258,51041,W21,W21,W41
990,26267,51044,W21,W21,W44
991,26279,63763,W26,W26,W13
992,26331,40823,W17,W17,W23
993,26387,6122,W3,W23,W22
994,26394,63565,W26,W22,W15
995,26402,67232,W27,W45,W32
996,26403,23335,W10,W17,W35
997,26405,50880,W21,W18,W30
998,26422,1120,W1,W23,W20
999,26425,48773,W20,W26,W23
1000,26517,39214,W16,W35,W14
1001,26526,58971,W24,W30,W21
1002,26580,67233,W27,W45,W33
1003,26614,58977,W24,W30,W27
1004,26649,85816,W35,W17,W16
1005,26674,18614,W8,W23,W14
1006,26708,62972,W26,W10,W22
1007,26709,58979,W24,W30,W29
1008,26757,6126,W3,W23,W26
1009,26767,47967,W20,W10,W17
1010,26775,93968,W38,W30,W18
1011,26878,84736,W34,W45,W36
1012,26890,93982,W38,W30,W32
1013,26960,58974,W24,W30,W24
1014,26976,72221,W29,W45,W21
1015,27003,63573,W26,W22,W23
1016,27013,62976,W26,W10,W26
1017,27025,93983,W38,W30,W33
1018,27050,67242,W27,W45,W42
1019,27059,85812,W35,W17,W12
1020,27061,48570,W20,W22,W20
1021,27078,72227,W29,W45,W27
1022,27098,58988,W24,W30,W38
1023,27129,58987,W24,W30,W37
1024,27162,50890,W21,W18,W40
1025,27195,72229,W29,W45,W29
1026,27231,68884,W28,W28,W34
1027,27240,33317,W14,W17,W17
1028,27258,21117,W9,W23,W17
1029,27273,50895,W21,W18,W45
1030,27316,50891,W21,W18,W41
1031,27327,50894,W21,W18,W44
1032,27410,93992,W38,W30,W42
1033,27420,58980,W24,W30,W30
1034,27499,72224,W29,W45,W24
1035,27500,67243,W27,W45,W43
1036,27658,72238,W29,W45,W38
1037,27681,63767,W26,W26,W17
1038,27701,72237,W29,W45,W37
1039,27766,93993,W38,W30,W43
1040,27784,84718,W34,W45,W18
1041,27848,1115,W1,W23,W15
1042,27950,84732,W34,W45,W32
1043,28024,72230,W29,W45,W30
1044,28027,47961,W20,W10,W11
1045,28073,58990,W24,W30,W40
1046,28121,84733,W34,W45,W33
1047,28161,58995,W24,W30,W45
1048,28172,48763,W20,W26,W13
1049,28173,28035,W12,W11,W35
1050,28189,40813,W17,W17,W13
1051,28190,58991,W24,W30,W41
1052,28196,58994,W24,W30,W44
1053,28263,68401,W28,W19,W1
1054,28284,48565,W20,W22,W15
1055,28364,2425,W1,W49,W25
1056,28386,2450,W1,W49,W50
1057,28488,85820,W35,W17,W20
1058,28522,2409,W1,W49,W9
1059,28614,84742,W34,W45,W42
1060,28639,47972,W20,W10,W22
1061,28647,63563,W26,W22,W13
1062,28652,33311,W14,W17,W11
1063,28657,62985,W26,W10,W35
1064,28665,1123,W1,W23,W23
1065,28705,21111,W9,W23,W11
1066,28733,72240,W29,W45,W40
1067,28744,6135,W3,W23,W35
1068,28828,63761,W26,W26,W11
1069,28829,72245,W29,W45,W45
1070,28831,39216,W16,W35,W16
1071,28835,22403,W9,W49,W3
1072,28854,72241,W29,W45,W41
1073,28859,72244,W29,W45,W44
1074,28911,93971,W38,W30,W21
1075,28958,47976,W20,W10,W26
1076,28966,93977,W38,W30,W27
1077,28967,48573,W20,W22,W23
1078,29000,84743,W34,W45,W43
1079,29007,67221,W27,W45,W21
1080,29055,93979,W38,W30,W29
1081,29100,67227,W27,W45,W27
1082,29228,67229,W27,W45,W29
1083,29240,39212,W16,W35,W12
1084,29264,93974,W38,W30,W24
1085,29265,33322,W14,W17,W22
1086,29276,18616,W8,W23,W16
1087,29341,21122,W9,W23,W22
1088,29348,63772,W26,W26,W22
1089,29379,93988,W38,W30,W38
1090,29412,93987,W38,W30,W37
1091,29522,67224,W27,W45,W24
1092,29606,85815,W35,W17,W15
1093,29665,48767,W20,W26,W17
1094,29686,93980,W38,W30,W30
1095,29687,67238,W27,W45,W38
1096,29692,33326,W14,W17,W26
1097,29715,63776,W26,W26,W26
1098,29736,67237,W27,W45,W37
1099,29769,40817,W17,W17,W17
1100,29789,21126,W9,W23,W26
1101,29813,18612,W8,W23,W12
1102,29971,68408,W28,W19,W8
1103,29989,63567,W26,W22,W17
1104,30030,67230,W27,W45,W30
1105,30150,7475,W3,W50,W25
1106,30166,7500,W3,W50,W50
1107,30234,93990,W38,W30,W40
1108,30306,7459,W3,W50,W9
1109,30317,93995,W38,W30,W45
1110,30322,85823,W35,W17,W23
1111,30358,93991,W38,W30,W41
1112,30363,93994,W38,W30,W44
1113,30535,84721,W34,W45,W21
1114,30632,84727,W34,W45,W27
1115,30633,1113,W1,W23,W13
1116,30661,2449,W1,W49,W49
1117,30690,47985,W20,W10,W35
1118,30691,48563,W20,W22,W13
1119,30717,39220,W16,W35,W20
1120,30762,84729,W34,W45,W29
1121,30766,67240,W27,W45,W40
1122,30781,2448,W1,W49,W48
1123,30888,67245,W27,W45,W45
1124,30918,67241,W27,W45,W41
1125,30928,48761,W20,W26,W11
1126,30929,67244,W27,W45,W44
1127,31043,84724,W34,W45,W24
1128,31071,40811,W17,W17,W11
1129,31135,63561,W26,W22,W11
1130,31151,84738,W34,W45,W38
1131,31180,84737,W34,W45,W37
1132,31219,24210,W10,W35,W10
1133,31267,63785,W26,W26,W35
1134,31411,68434,W28,W19,W34
1135,31440,18620,W8,W23,W20
1136,31471,48772,W20,W26,W22
1137,31536,84730,W34,W45,W30
1138,31588,33335,W14,W17,W35
1139,31600,5425,W3,W9,W25
1140,31621,5450,W3,W9,W50
1141,31687,63572,W26,W22,W22
1142,31690,40822,W17,W17,W22
1143,31741,21135,W9,W23,W35
1144,31742,5409,W3,W9,W9
1145,31847,48776,W20,W26,W26
1146,31854,39215,W16,W35,W15
1147,31895,24214,W10,W35,W14
1148,31900,85813,W35,W17,W13
1149,32020,63576,W26,W22,W26
1150,32071,40826,W17,W17,W26
1151,32083,15256,W7,W6,W6
1152,32137,48567,W20,W22,W17
1153,32213,84740,W34,W45,W40
1154,32308,7499,W3,W50,W49
1155,32310,1117,W1,W23,W17
1156,32316,84745,W34,W45,W45
1157,32345,84741,W34,W45,W41
1158,32350,84744,W34,W45,W44
1159,32392,7498,W3,W50,W48
1160,32413,68869,W28,W28,W19
1161,32414,53260,W22,W16,W10
1162,32510,72036,W29,W41,W36
1163,32531,39223,W16,W35,W23
1164,32661,18615,W8,W23,W15
1165,32910,22475,W9,W50,W25
1166,32932,22500,W9,W50,W50
1167,32980,53264,W22,W16,W14
1168,33033,19925,W8,W49,W25
1169,33051,7447,W3,W49,W47
1170,33058,19950,W8,W49,W50
1171,33061,22459,W9,W50,W9
1172,33167,53460,W22,W20,W10
1173,33172,19909,W8,W49,W9
1174,33242,85817,W35,W17,W17
1175,33304,68878,W28,W28,W28
1176,33320,72018,W29,W41,W18
1177,33322,48561,W20,W22,W11
1178,33450,72032,W29,W41,W32
1179,33481,48785,W20,W26,W35
1180,33497,18623,W8,W23,W23
1181,33516,63585,W26,W22,W35
1182,33611,72033,W29,W41,W33
1183,33658,2403,W1,W49,W3
1184,33672,5449,W3,W9,W49
1185,33688,1111,W1,W23,W11
1186,33745,53464,W22,W20,W14
1187,33761,5448,W3,W9,W48
1188,33785,40835,W17,W17,W35
1189,33835,48572,W20,W22,W22
1190,34041,72042,W29,W41,W42
1191,34079,24216,W10,W35,W16
1192,34090,39213,W16,W35,W13
1193,34207,48576,W20,W22,W26
1194,34291,1122,W1,W23,W22
1195,34306,20425,W9,W9,W25
1196,34321,20450,W9,W9,W50
1197,34346,85811,W35,W17,W11
1198,34388,67036,W27,W41,W36
1199,34394,72043,W29,W41,W43
1200,34410,20409,W9,W9,W9
1201,34480,24212,W10,W35,W12
1202,34721,1126,W1,W23,W26
1203,34851,85822,W35,W17,W22
1204,35009,22499,W9,W50,W49
1205,35060,53266,W22,W16,W16
1206,35105,7453,W3,W50,W3
1207,35110,22498,W9,W50,W48
1208,35142,19949,W8,W49,W49
1209,35197,67018,W27,W41,W18
1210,35223,85826,W35,W17,W26
1211,35230,19948,W8,W49,W48
1212,35256,18613,W8,W23,W13
1213,35336,67032,W27,W41,W32
1214,35427,53262,W22,W16,W12
1215,35450,39217,W16,W35,W17
1216,35488,67033,W27,W41,W33
1217,35704,84536,W34,W41,W36
1218,35761,53466,W22,W20,W16
1219,35784,72021,W29,W41,W21
1220,35793,43536,W18,W21,W36
1221,35796,22447,W9,W49,W47
1222,35808,48585,W20,W22,W35
1223,35865,34210,W14,W35,W10
1224,35873,72027,W29,W41,W27
1225,35898,24220,W10,W35,W20
1226,35924,67042,W27,W41,W42
1227,35984,72029,W29,W41,W29
1228,36027,68419,W28,W19,W19
1229,36145,53462,W22,W20,W12
1230,36236,72024,W29,W41,W24
1231,36307,67043,W27,W41,W43
1232,36379,20449,W9,W9,W49
1233,36429,72037,W29,W41,W37
1234,36446,5403,W3,W9,W3
1235,36463,20448,W9,W9,W48
1236,36494,84518,W34,W41,W18
1237,36497,34214,W14,W35,W14
1238,36591,1135,W1,W23,W35
1239,36619,84532,W34,W41,W32
1240,36624,39211,W16,W35,W11
1241,36693,43518,W18,W21,W18
1242,36695,72030,W29,W41,W30
1243,36741,53270,W22,W16,W20
1244,36753,85835,W35,W17,W35
1245,36763,18617,W8,W23,W17
1246,36789,84533,W34,W41,W33
1247,36847,43532,W18,W21,W32
1248,36913,68428,W28,W19,W28
1249,36962,24215,W10,W35,W15
1250,36969,63310,W26,W17,W10
1251,37034,43386,W18,W18,W36
1252,37059,43533,W18,W21,W33
1253,37140,39222,W16,W35,W22
1254,37265,84542,W34,W41,W42
1255,37322,101336,W41,W27,W36
1256,37349,72040,W29,W41,W40
1257,37447,72045,W29,W41,W45
1258,37480,72041,W29,W41,W41
1259,37485,53470,W22,W20,W20
1260,37488,72044,W29,W41,W44
1261,37532,39226,W16,W35,W26
1262,37546,63314,W26,W17,W14
1263,37562,2475,W1,W50,W25
1264,37576,43542,W18,W21,W42
1265,37578,2500,W1,W50,W50
1266,37614,84543,W34,W41,W43
1267,37681,2459,W1,W50,W9
1268,37704,67021,W27,W41,W21
1269,37714,24223,W10,W35,W23
1270,37716,41710,W17,W35,W10
1271,37726,53265,W22,W16,W15
1272,37783,67027,W27,W41,W27
1273,37791,22453,W9,W50,W3
1274,37897,67029,W27,W41,W29
1275,37941,43368,W18,W18,W18
1276,37953,19903,W8,W49,W3
1277,37955,101318,W41,W27,W18
1278,37971,43543,W18,W21,W43
1279,38054,101332,W41,W27,W32
1280,38083,43382,W18,W18,W32
1281,38103,18611,W8,W23,W11
1282,38132,67024,W27,W41,W24
1283,38206,101333,W41,W27,W33
1284,38275,43383,W18,W18,W33
1285,38293,41714,W17,W35,W14
1286,38307,67037,W27,W41,W37
1287,38397,53465,W22,W20,W15
1288,38420,53273,W22,W16,W23
1289,38577,101342,W41,W27,W42
1290,38589,67030,W27,W41,W30
1291,38645,18622,W8,W23,W22
1292,38694,34216,W14,W35,W16
1293,38799,43392,W18,W18,W42
1294,38872,101343,W41,W27,W43
1295,38936,425,W1,W9,W25
1296,38955,450,W1,W9,W50
1297,38985,84521,W34,W41,W21
1298,38992,7325,W3,W47,W25
1299,39010,7350,W3,W47,W50
1300,39072,409,W1,W9,W9
1301,39075,5125,W3,W3,W25
1302,39078,84527,W34,W41,W27
1303,39104,5150,W3,W3,W50
1304,39124,39235,W16,W35,W35
1305,39133,7309,W3,W47,W9
1306,39138,18626,W8,W23,W26
1307,39139,34212,W14,W35,W12
1308,39166,53473,W22,W20,W23
1309,39177,20403,W9,W9,W3
1310,39205,84529,W34,W41,W29
1311,39225,5109,W3,W3,W9
1312,39254,43393,W18,W18,W43
1313,39263,67040,W27,W41,W40
1314,39264,24213,W10,W35,W13
1315,39366,67045,W27,W41,W45
1316,39388,67041,W27,W41,W41
1317,39402,67044,W27,W41,W44
1318,39451,84524,W34,W41,W24
1319,39580,63316,W26,W17,W16
1320,39595,43521,W18,W21,W21
1321,39599,48310,W20,W17,W10
1322,39617,84537,W34,W41,W37
1323,39670,2499,W1,W50,W49
1324,39728,43527,W18,W21,W27
1325,39790,2498,W1,W50,W48
1326,39855,43529,W18,W21,W29
1327,39917,53263,W22,W16,W13
1328,39946,84530,W34,W41,W30
1329,39990,63312,W26,W17,W12
1330,40126,101321,W41,W27,W21
1331,40143,43524,W18,W21,W24
1332,40203,86710,W35,W35,W10
1333,40206,101327,W41,W27,W27
1334,40247,48314,W20,W17,W14
1335,40310,101329,W41,W27,W29
1336,40318,43538,W18,W21,W38
1337,40366,43537,W18,W21,W37
1338,40511,41716,W17,W35,W16
1339,40529,101324,W41,W27,W24
1340,40583,84540,W34,W41,W40
1341,40627,2447,W1,W49,W47
1342,40628,53463,W22,W20,W13
1343,40655,24217,W10,W35,W17
1344,40656,34220,W14,W35,W20
1345,40657,101338,W41,W27,W38
1346,40692,101337,W41,W27,W37
1347,40702,84545,W34,W41,W45
1348,40719,43530,W18,W21,W30
1349,40742,84541,W34,W41,W41
1350,40756,84544,W34,W41,W44
1351,40785,86714,W35,W35,W14
1352,40952,41712,W17,W35,W12
1353,40984,101330,W41,W27,W30
1354,41025,43371,W18,W18,W21
1355,41104,18635,W8,W23,W35
1356,41137,43377,W18,W18,W27
1357,41193,7349,W3,W47,W49
1358,41199,449,W1,W9,W49
1359,41263,43379,W18,W18,W29
1360,41283,7348,W3,W47,W48
1361,41287,53267,W22,W16,W17
1362,41291,5149,W3,W3,W49
1363,41294,448,W1,W9,W48
1364,41384,5148,W3,W3,W48
1365,41443,63320,W26,W17,W20
1366,41555,43540,W18,W21,W40
1367,41612,101340,W41,W27,W40
1368,41629,43374,W18,W18,W24
1369,41656,71651,W29,W34,W1
1370,41690,43545,W18,W21,W45
1371,41701,101345,W41,W27,W45
1372,41724,101341,W41,W27,W41
1373,41727,43541,W18,W21,W41
1374,41741,101344,W41,W27,W44
1375,41747,43544,W18,W21,W44
1376,41798,43388,W18,W18,W38
1377,41847,34215,W14,W35,W15
1378,41853,43387,W18,W18,W37
1379,41887,19975,W8,W50,W25
1380,41893,7497,W3,W50,W47
1381,41908,20000,W8,W50,W50
1382,42011,22325,W9,W47,W25
1383,42041,22350,W9,W47,W50
1384,42053,19959,W8,W50,W9
1385,42092,53467,W22,W20,W17
1386,42098,24211,W10,W35,W11
1387,42135,20125,W9,W3,W25
1388,42160,20150,W9,W3,W50
1389,42163,22309,W9,W47,W9
1390,42217,88986,W36,W30,W36
1391,42273,43380,W18,W18,W30
1392,42287,20109,W9,W3,W9
1393,42304,89286,W36,W36,W36
1394,42468,118610,W48,W23,W10
1395,42570,63315,W26,W17,W15
1396,42596,41720,W17,W35,W20
1397,42646,24222,W10,W35,W22
1398,42649,53261,W22,W16,W11
1399,42720,52960,W22,W10,W10
1400,42778,48316,W20,W17,W16
1401,42821,34223,W14,W35,W23
1402,42870,2453,W1,W50,W3
1403,43031,86716,W35,W35,W16
1404,43044,88968,W36,W30,W18
1405,43076,118614,W48,W23,W14
1406,43081,43390,W18,W18,W40
1407,43117,24226,W10,W35,W26
1408,43126,53272,W22,W16,W22
1409,43146,89268,W36,W36,W18
1410,43178,88982,W36,W30,W32
1411,43219,43395,W18,W18,W45
1412,43227,48312,W20,W17,W12
1413,43252,71658,W29,W34,W8
1414,43268,43391,W18,W18,W41
1415,43288,43394,W18,W18,W44
1416,43309,89282,W36,W36,W32
1417,43359,52964,W22,W10,W14
1418,43378,58686,W24,W24,W36
1419,43390,88983,W36,W30,W33
1420,43399,93686,W38,W24,W36
1421,43404,53461,W22,W20,W11
1422,43438,63323,W26,W17,W23
1423,43453,17925,W8,W9,W25
1424,43454,5447,W3,W9,W47
1425,43462,86712,W35,W35,W12
1426,43479,17950,W8,W9,W50
1427,43512,89283,W36,W36,W33
1428,43603,17909,W8,W9,W9
1429,43618,53276,W22,W16,W26
1430,43711,41715,W17,W35,W15
1431,43865,66651,W27,W34,W1
1432,43879,88992,W36,W30,W42
1433,43899,53472,W22,W20,W22
1434,44022,89292,W36,W36,W42
1435,44099,93668,W38,W24,W18
1436,44197,58668,W24,W24,W18
1437,44203,7654,W4,W4,W4
1438,44227,93682,W38,W24,W32
1439,44259,19999,W8,W50,W49
1440,44276,88993,W36,W30,W43
1441,44332,58682,W24,W24,W32
1442,44356,19998,W8,W50,W48
1443,44376,22349,W9,W47,W49
1444,44381,93683,W38,W24,W33
1445,44384,53476,W22,W20,W26
1446,44391,7303,W3,W47,W3
1447,44399,89293,W36,W36,W43
1448,44506,43760,W18,W26,W10
1449,44508,22348,W9,W47,W48
1450,44516,403,W1,W9,W3
1451,44548,58683,W24,W24,W33
1452,44554,20149,W9,W3,W49
1453,44564,5103,W3,W3,W3
1454,44596,98986,W40,W30,W36
1455,44601,34213,W14,W35,W13
1456,44615,116110,W47,W23,W10
1457,44678,20148,W9,W3,W48
1458,44682,71684,W29,W34,W34
1459,44692,41723,W17,W35,W23
1460,44834,93692,W38,W24,W42
1461,44999,48320,W20,W17,W20
1462,45011,86720,W35,W35,W20
1463,45060,58692,W24,W24,W42
1464,45079,24235,W10,W35,W35
1465,45102,63313,W26,W17,W13
1466,45154,22497,W9,W50,W47
1467,45163,93693,W38,W24,W43
1468,45173,2552,W2,W2,W2
1469,45211,43764,W18,W26,W14
1470,45389,84151,W34,W34,W1
1471,45402,98968,W40,W30,W18
1472,45412,116114,W47,W23,W14
1473,45452,58693,W24,W24,W43
1474,45481,19947,W8,W49,W47
1475,45499,53285,W22,W16,W35
1476,45523,98982,W40,W30,W32
1477,45601,118616,W48,W23,W16
1478,45623,12807,W6,W7,W7
1479,45628,66658,W27,W34,W8
1480,45702,94386,W38,W38,W36
1481,45710,98983,W40,W30,W33
1482,45906,52966,W22,W10,W16
1483,45933,53760,W22,W26,W10
1484,45963,17949,W8,W9,W49
1485,45989,88971,W36,W30,W21
1486,46054,59386,W24,W38,W36
1487,46066,118612,W48,W23,W12
1488,46075,17948,W8,W9,W48
1489,46087,88977,W36,W30,W27
1490,46104,86715,W35,W35,W15
1491,46150,98992,W40,W30,W42
1492,46154,89271,W36,W36,W21
1493,46214,88979,W36,W30,W29
1494,46239,48315,W20,W17,W15
1495,46270,89277,W36,W36,W27
1496,46290,34217,W14,W35,W17
1497,46311,53485,W22,W20,W35
1498,46388,52962,W22,W10,W12
1499,46420,89279,W36,W36,W29
1500,46429,88936,W36,W29,W36
1501,46519,94368,W38,W38,W18
1502,46526,98993,W40,W30,W43
1503,46535,41713,W17,W35,W13
1504,46541,101786,W41,W36,W36
1505,46551,88974,W36,W30,W24
1506,46618,93671,W38,W24,W21
1507,46644,94382,W38,W38,W32
1508,46683,53764,W22,W26,W14
1509,46687,63317,W26,W17,W17
1510,46703,93677,W38,W24,W27
1511,46723,88988,W36,W30,W38
1512,46737,89274,W36,W36,W24
1513,46764,88987,W36,W30,W37
1514,46804,93679,W38,W24,W29
1515,46827,94383,W38,W38,W33
1516,46919,89288,W36,W36,W38
1517,46925,20447,W9,W9,W47
1518,46961,89287,W36,W36,W37
1519,47025,59368,W24,W38,W18
1520,47083,93674,W38,W24,W24
1521,47135,86723,W35,W35,W23
1522,47141,58671,W24,W24,W21
1523,47150,88980,W36,W30,W30
1524,47196,59382,W24,W38,W32
1525,47206,66684,W27,W34,W34
1526,47234,84158,W34,W34,W8
1527,47247,93688,W38,W24,W38
1528,47257,58677,W24,W24,W27
1529,47291,93687,W38,W24,W37
1530,47339,94392,W38,W38,W42
1531,47367,43560,W18,W22,W10
1532,47371,89280,W36,W36,W30
1533,47387,58679,W24,W24,W29
1534,47423,48323,W20,W17,W23
1535,47424,101768,W41,W36,W18
1536,47425,59383,W24,W38,W33
1537,47462,88918,W36,W29,W18
1538,47544,101782,W41,W36,W32
1539,47564,68881,W28,W28,W31
1540,47578,93680,W38,W24,W30
1541,47609,88932,W36,W29,W32
1542,47661,58674,W24,W24,W24
1543,47671,94393,W38,W38,W43
1544,47740,101783,W41,W36,W33
1545,47818,58688,W24,W24,W38
1546,47824,19953,W8,W50,W3
1547,47831,88933,W36,W29,W33
1548,47854,118620,W48,W23,W20
1549,47855,58687,W24,W24,W37
1550,47900,43766,W18,W26,W16
1551,47903,88990,W36,W30,W40
1552,47904,2325,W1,W47,W25
1553,47923,2350,W1,W47,W50
1554,47934,59392,W24,W38,W42
1555,47985,34211,W14,W35,W11
1556,47995,22303,W9,W47,W3
1557,48034,98971,W40,W30,W21
1558,48040,88995,W36,W30,W45
1559,48073,88991,W36,W30,W41
1560,48079,43564,W18,W22,W14
1561,48086,2309,W1,W47,W9
1562,48089,88994,W36,W30,W44
1563,48122,125,W1,W3,W25
1564,48123,98977,W40,W30,W27
1565,48135,89290,W36,W36,W40
1566,48153,150,W1,W3,W50
1567,48189,93690,W38,W24,W40
1568,48190,52970,W22,W10,W20
1569,48210,20103,W9,W3,W3
1570,48212,41717,W17,W35,W17
1571,48216,58680,W24,W24,W30
1572,48229,101792,W41,W36,W42
1573,48230,63311,W26,W17,W11
1574,48247,98979,W40,W30,W29
1575,48269,89295,W36,W36,W45
1576,48314,93695,W38,W24,W45
1577,48316,89291,W36,W36,W41
1578,48318,109,W1,W3,W9
1579,48332,89294,W36,W36,W44
1580,48345,93691,W38,W24,W41
1581,48356,93694,W38,W24,W44
1582,48378,59393,W24,W38,W43
1583,48384,116116,W47,W23,W16
1584,48427,43762,W18,W26,W12
1585,48437,88942,W36,W29,W42
1586,48522,98974,W40,W30,W24
1587,48599,34222,W14,W35,W22
1588,48610,101793,W41,W36,W43
1589,48667,98988,W40,W30,W38
1590,48701,98987,W40,W30,W37
1591,48774,63322,W26,W17,W22
1592,48777,84184,W34,W34,W34
1593,48830,86713,W35,W35,W13
1594,48838,71669,W29,W34,W19
1595,48843,88943,W36,W29,W43
1596,48848,53560,W22,W22,W10
1597,48908,116112,W47,W23,W12
1598,48949,58690,W24,W24,W40
1599,48953,119925,W48,W49,W25
1600,48978,119950,W48,W49,W50
1601,48992,98980,W40,W30,W30
1602,49031,118615,W48,W23,W15
1603,49062,58695,W24,W24,W45
1604,49099,119909,W48,W49,W9
1605,49101,58691,W24,W24,W41
1606,49118,58694,W24,W24,W44
1607,49154,15154,W7,W4,W4
1608,49173,94371,W38,W38,W21
1609,49189,34226,W14,W35,W26
1610,49261,94377,W38,W38,W27
1611,49314,48313,W20,W17,W13
1612,49330,63326,W26,W17,W26
1613,49367,52965,W22,W10,W15
1614,49374,94379,W38,W38,W29
1615,49412,53766,W22,W26,W16
1616,49571,53564,W22,W22,W14
1617,49590,17903,W8,W9,W3
1618,49628,94374,W38,W38,W24
1619,49639,98990,W40,W30,W40
1620,49751,98995,W40,W30,W45
1621,49789,98991,W40,W30,W41
1622,49802,94388,W38,W38,W38
1623,49807,98994,W40,W30,W44
1624,49828,41711,W17,W35,W11
1625,49841,94387,W38,W38,W37
1626,49872,71678,W29,W34,W28
1627,49927,53762,W22,W26,W12
1628,50130,59371,W24,W38,W21
1629,50143,118623,W48,W23,W23
1630,50150,94380,W38,W38,W30
1631,50176,101771,W41,W36,W21
1632,50214,43770,W18,W26,W20
1633,50229,59377,W24,W38,W27
1634,50269,101777,W41,W36,W27
1635,50344,86717,W35,W35,W17
1636,50379,59379,W24,W38,W29
1637,50405,41722,W17,W35,W22
1638,50406,101779,W41,W36,W29
1639,50438,101436,W41,W29,W36
1640,50511,52973,W22,W10,W23
1641,50683,101774,W41,W36,W24
1642,50696,59374,W24,W38,W24
1643,50699,2349,W1,W47,W49
1644,50732,88921,W36,W29,W21
1645,50830,43566,W18,W22,W16
1646,50834,2348,W1,W47,W48
1647,50840,94390,W38,W38,W40
1648,50848,101788,W41,W36,W38
1649,50854,88927,W36,W29,W27
1650,50891,59388,W24,W38,W38
1651,50900,101787,W41,W36,W37
1652,50942,59387,W24,W38,W37
1653,50959,116120,W47,W23,W20
1654,50973,94395,W38,W38,W45
1655,50976,149,W1,W3,W49
1656,51002,94391,W38,W38,W41
1657,51017,88929,W36,W29,W29
1658,51019,94394,W38,W38,W44
1659,51058,41726,W17,W35,W26
1660,51097,148,W1,W3,W48
1661,51098,48317,W20,W17,W17
1662,51227,101780,W41,W36,W30
1663,51300,59380,W24,W38,W30
1664,51308,66669,W27,W34,W19
1665,51320,119949,W48,W49,W49
1666,51323,88924,W36,W29,W24
1667,51340,101418,W41,W29,W18
1668,51346,43562,W18,W22,W12
1669,51405,63335,W26,W17,W35
1670,51443,119948,W48,W49,W48
1671,51453,34235,W14,W35,W35
1672,51454,43765,W18,W26,W15
1673,51480,101432,W41,W29,W32
1674,51520,88938,W36,W29,W38
1675,51523,73986,W30,W30,W36
1676,51558,2497,W1,W50,W47
1677,51573,88937,W36,W29,W37
1678,51689,101433,W41,W29,W33
1679,51816,74286,W30,W36,W36
1680,51818,53770,W22,W26,W20
1681,51909,86711,W35,W35,W11
1682,51942,101790,W41,W36,W40
1683,51968,88930,W36,W29,W30
1684,51998,118613,W48,W23,W13
1685,52056,101795,W41,W36,W45
1686,52085,101791,W41,W36,W41
1687,52087,117425,W47,W49,W25
1688,52104,101794,W41,W36,W44
1689,52107,59390,W24,W38,W40
1690,52124,117450,W47,W49,W50
1691,52215,101442,W41,W29,W42
1692,52229,59395,W24,W38,W45
1693,52252,117409,W47,W49,W9
1694,52269,59391,W24,W38,W41
1695,52279,116115,W47,W23,W15
1696,52291,59394,W24,W38,W44
1697,52372,52963,W22,W10,W13
1698,52405,68431,W28,W19,W31
1699,52420,66678,W27,W34,W28
1700,52431,86722,W35,W35,W22
1701,52439,53566,W22,W22,W16
1702,52551,73968,W30,W30,W18
1703,52586,101443,W41,W29,W43
1704,52625,43773,W18,W26,W23
1705,52705,5351,W3,W8,W1
1706,52710,73982,W30,W30,W32
1707,52793,88940,W36,W29,W40
1708,52828,84169,W34,W34,W19
1709,52840,48311,W20,W17,W11
1710,52864,74268,W30,W36,W18
1711,52926,88945,W36,W29,W45
1712,52933,53562,W22,W22,W12
1713,52940,73983,W30,W30,W33
1714,52959,88941,W36,W29,W41
1715,52976,88944,W36,W29,W44
1716,52999,86726,W35,W35,W26
1717,53009,74282,W30,W36,W32
1718,53024,53765,W22,W26,W15
1719,53053,7347,W3,W47,W47
1720,53064,19825,W8,W47,W25
1721,53093,19850,W8,W47,W50
1722,53189,41735,W17,W35,W35
1723,53208,43570,W18,W22,W20
1724,53238,19809,W8,W47,W9
1725,53251,74283,W30,W36,W33
1726,53308,5147,W3,W3,W47
1727,53322,17625,W8,W3,W25
1728,53350,17650,W8,W3,W50
1729,53394,48322,W20,W17,W22
1730,53430,447,W1,W9,W47
1731,53497,17609,W8,W3,W9
1732,53508,73992,W30,W30,W42
1733,53538,116123,W47,W23,W23
1734,53608,118617,W48,W23,W17
1735,53827,74292,W30,W36,W42
1736,53860,84178,W34,W34,W28
1737,53896,73993,W30,W30,W43
1738,53949,52967,W22,W10,W17
1739,54031,48326,W20,W17,W26
1740,54154,53773,W22,W26,W23
1741,54172,101421,W41,W29,W21
1742,54210,74293,W30,W36,W43
1743,54258,101427,W41,W29,W27
1744,54315,43565,W18,W22,W15
1745,54342,43763,W18,W26,W13
1746,54375,101429,W41,W29,W29
1747,54466,119903,W48,W49,W3
1748,54485,2303,W1,W47,W3
1749,54486,91636,W37,W33,W36
1750,54566,68889,W28,W28,W39
1751,54617,117449,W47,W49,W49
1752,54653,101424,W41,W29,W24
1753,54718,117448,W47,W49,W48
1754,54724,53570,W22,W22,W20
1755,54778,103,W1,W3,W3
1756,54804,101438,W41,W29,W38
1757,54814,64210,W26,W35,W10
1758,54831,101437,W41,W29,W37
1759,54848,86735,W35,W35,W35
1760,54973,5358,W3,W8,W8
1761,55108,118611,W48,W23,W11
1762,55123,101430,W41,W29,W30
1763,55234,91618,W37,W33,W18
1764,55343,91632,W37,W33,W32
1765,55384,116113,W47,W23,W13
1766,55437,43573,W18,W22,W23
1767,55470,64214,W26,W35,W14
1768,55480,52961,W22,W10,W11
1769,55532,91633,W37,W33,W33
1770,55618,118622,W48,W23,W22
1771,55657,73971,W30,W30,W21
1772,55662,19849,W8,W47,W49
1773,55749,73977,W30,W30,W27
1774,55780,19848,W8,W47,W48
1775,55815,101440,W41,W29,W40
1776,55829,53565,W22,W22,W15
1777,55865,53763,W22,W26,W13
1778,55877,43767,W18,W26,W17
1779,55898,73979,W30,W30,W29
1780,55928,101445,W41,W29,W45
1781,55947,17649,W8,W3,W49
1782,55957,101441,W41,W29,W41
1783,55974,101444,W41,W29,W44
1784,55978,52972,W22,W10,W22
1785,55983,91642,W37,W33,W42
1786,56029,74271,W30,W36,W21
1787,56077,17648,W8,W3,W48
1788,56134,20351,W9,W8,W1
1789,56146,48335,W20,W17,W35
1790,56147,74277,W30,W36,W27
1791,56205,73974,W30,W30,W24
1792,56237,118626,W48,W23,W26
1793,56269,74279,W30,W36,W29
1794,56288,91643,W37,W33,W43
1795,56372,73988,W30,W30,W38
1796,56412,73987,W30,W30,W37
1797,56434,19997,W8,W50,W47
1798,56532,74274,W30,W36,W24
1799,56553,52976,W22,W10,W26
1800,56626,22347,W9,W47,W47
1801,56699,74288,W30,W36,W38
1802,56725,73980,W30,W30,W30
1803,56738,10307,W5,W7,W7
1804,56740,74287,W30,W36,W37
1805,56854,5384,W3,W8,W34
1806,56910,20147,W9,W3,W47
1807,56921,53573,W22,W22,W23
1808,57016,116117,W47,W23,W17
1809,57060,43563,W18,W22,W13
1810,57082,74280,W30,W36,W30
1811,57301,53767,W22,W26,W17
1812,57326,43761,W18,W26,W11
1813,57426,73990,W30,W30,W40
1814,57557,73995,W30,W30,W45
1815,57577,91621,W37,W33,W21
1816,57581,73991,W30,W30,W41
1817,57599,73994,W30,W30,W44
1818,57653,91627,W37,W33,W27
1819,57765,91629,W37,W33,W29
1820,57779,46351,W19,W28,W1
1821,57800,43772,W18,W26,W22
1822,57816,74290,W30,W36,W40
1823,57833,64216,W26,W35,W16
1824,57858,117403,W47,W49,W3
1825,57933,74295,W30,W36,W45
1826,57964,74291,W30,W36,W41
1827,57982,74294,W30,W36,W44
1828,57986,91624,W37,W33,W24
1829,58060,17947,W8,W9,W47
1830,58071,119975,W48,W50,W25
1831,58081,118635,W48,W23,W35
1832,58096,120000,W48,W50,W50
1833,58138,91638,W37,W33,W38
1834,58179,91637,W37,W33,W37
1835,58223,119959,W48,W50,W9
1836,58279,64212,W26,W35,W12
1837,58296,20358,W9,W8,W8
1838,58320,5001,W3,W1,W1
1839,58417,43776,W18,W26,W26
1840,58437,52985,W22,W10,W35
1841,58440,91630,W37,W33,W30
1842,58526,43567,W18,W22,W17
1843,58543,53563,W22,W22,W13
1844,58646,116111,W47,W23,W11
1845,58805,53761,W22,W26,W11
1846,58966,91640,W37,W33,W40
1847,58985,68439,W28,W19,W39
1848,59025,19803,W8,W47,W3
1849,59068,91645,W37,W33,W45
1850,59087,91641,W37,W33,W41
1851,59105,91644,W37,W33,W44
1852,59115,116122,W47,W23,W22
1853,59193,49210,W20,W35,W10
1854,59232,53772,W22,W26,W22
1855,59318,17603,W8,W3,W3
1856,59423,117925,W48,W9,W25
1857,59449,117950,W48,W9,W50
1858,59570,117909,W48,W9,W9
1859,59596,46358,W19,W28,W8
1860,59772,116126,W47,W23,W26
1861,59831,64220,W26,W35,W20
1862,59862,53776,W22,W26,W26
1863,59879,49214,W20,W35,W14
1864,59940,7807,W4,W7,W7
1865,59953,53567,W22,W22,W17
1866,59981,43561,W18,W22,W11
1867,60096,20384,W9,W8,W34
1868,60132,119999,W48,W50,W49
1869,60217,119998,W48,W50,W48
1870,60233,43785,W18,W26,W35
1871,60381,43572,W18,W22,W22
1872,60420,5008,W3,W1,W8
1873,60706,5369,W3,W8,W19
1874,60714,64215,W26,W35,W15
1875,60962,43576,W18,W22,W26
1876,61074,46384,W19,W28,W34
1877,61270,119947,W48,W49,W47
1878,61364,53561,W22,W22,W11
1879,61440,117949,W48,W9,W49
1880,61484,20001,W9,W1,W1
1881,61527,117948,W48,W9,W48
1882,61535,117475,W47,W50,W25
1883,61551,117500,W47,W50,W50
1884,61616,53785,W22,W26,W35
1885,61665,117459,W47,W50,W9
1886,61679,351,W1,W8,W1
1887,61709,64223,W26,W35,W23
1888,61711,116135,W47,W23,W35
1889,61756,53572,W22,W22,W22
1890,61836,5378,W3,W8,W28
1891,62117,45901,W19,W19,W1
1892,62121,5034,W3,W1,W34
1893,62173,62236,W25,W45,W36
1894,62221,49216,W20,W35,W16
1895,62319,53576,W22,W22,W26
1896,62489,2347,W1,W47,W47
1897,62609,49212,W20,W35,W12
1898,62628,43585,W18,W22,W35
1899,62734,119953,W48,W50,W3
1900,62783,147,W1,W3,W47
1901,62865,115425,W47,W9,W25
1902,62889,115450,W47,W9,W50
1903,62972,64213,W26,W35,W13
1904,63006,115409,W47,W9,W9
1905,63053,62218,W25,W45,W18
1906,63179,62232,W25,W45,W32
1907,63418,62233,W25,W45,W33
1908,63420,20008,W9,W1,W8
1909,63445,20369,W9,W8,W19
1910,63579,117499,W47,W50,W49
1911,63651,358,W1,W8,W8
1912,63689,117498,W47,W50,W48
1913,63750,45908,W19,W19,W8
1914,63848,92136,W37,W43,W36
1915,63849,46369,W19,W28,W19
1916,63858,71681,W29,W34,W31
1917,63960,62242,W25,W45,W42
1918,64001,117903,W48,W9,W3
1919,64006,53585,W22,W22,W35
1920,64120,15307,W7,W7,W7
1921,64186,64217,W26,W35,W17
1922,64194,49220,W20,W35,W20
1923,64300,62243,W25,W45,W43
1924,64339,102036,W41,W41,W36
1925,64503,92118,W37,W43,W18
1926,64549,20378,W9,W8,W28
1927,64601,92132,W37,W43,W32
1928,64757,92133,W37,W43,W33
1929,64775,46378,W19,W28,W28
1930,64854,117447,W47,W49,W47
1931,64958,115449,W47,W9,W49
1932,65022,98686,W40,W24,W36
1933,65039,49215,W20,W35,W15
1934,65042,102018,W41,W41,W18
1935,65048,115448,W47,W9,W48
1936,65079,20034,W9,W1,W34
1937,65138,102032,W41,W41,W32
1938,65147,45934,W19,W19,W34
1939,65153,92142,W37,W43,W42
1940,65226,5019,W3,W1,W19
1941,65268,17851,W8,W8,W1
1942,65315,102033,W41,W41,W33
1943,65344,384,W1,W8,W34
1944,65397,92143,W37,W43,W43
1945,65440,64211,W26,W35,W11
1946,65701,98668,W40,W24,W18
1947,65722,102042,W41,W41,W42
1948,65752,64222,W26,W35,W22
1949,65797,98682,W40,W24,W32
1950,65965,98683,W40,W24,W33
1951,65983,102043,W41,W41,W43
1952,65996,66681,W27,W34,W31
1953,66013,62221,W25,W45,W21
1954,66098,62227,W25,W45,W27
1955,66103,49223,W20,W35,W23
1956,66157,88686,W36,W24,W36
1957,66241,62229,W25,W45,W29
1958,66305,19847,W8,W47,W47
1959,66326,64226,W26,W35,W26
1960,66349,5028,W3,W1,W28
1961,66352,119825,W48,W47,W25
1962,66381,119850,W48,W47,W50
1963,66400,98692,W40,W24,W42
1964,66433,117453,W47,W50,W3
1965,66477,119809,W48,W47,W9
1966,66535,62224,W25,W45,W24
1967,66644,98693,W40,W24,W43
1968,66657,117625,W48,W3,W25
1969,66672,17647,W8,W3,W47
1970,66684,92121,W37,W43,W21
1971,66688,117650,W48,W3,W50
1972,66727,62238,W25,W45,W38
1973,66749,1,W1,W1,W1
1974,66768,92127,W37,W43,W27
1975,66771,62237,W25,W45,W37
1976,66796,117609,W48,W3,W9
1977,66862,92129,W37,W43,W29
1978,67023,88668,W36,W24,W18
1979,67070,92124,W37,W43,W24
1980,67118,62230,W25,W45,W30
1981,67137,88682,W36,W24,W32
1982,67176,84181,W34,W34,W31
1983,67192,92138,W37,W43,W38
1984,67229,92137,W37,W43,W37
1985,67265,17858,W8,W8,W8
1986,67362,88683,W36,W24,W33
1987,67422,102021,W41,W41,W21
1988,67493,92130,W37,W43,W30
1989,67508,102027,W41,W41,W27
1990,67559,49213,W20,W35,W13
1991,67616,102029,W41,W41,W29
1992,67709,45919,W19,W19,W19
1993,67743,99386,W40,W38,W36
1994,67835,102024,W41,W41,W24
1995,67870,88692,W36,W24,W42
1996,67872,62240,W25,W45,W40
1997,67875,115403,W47,W9,W3
1998,67977,64235,W26,W35,W35
1999,68003,62245,W25,W45,W45
2000,68018,102037,W41,W41,W37
2001,68032,62241,W25,W45,W41
2002,68052,92140,W37,W43,W40
2003,68055,98671,W40,W24,W21
2004,68065,62244,W25,W45,W44
2005,68108,20019,W9,W1,W19
2006,68143,98677,W40,W24,W27
2007,68153,92145,W37,W43,W45
2008,68169,92141,W37,W43,W41
2009,68188,92144,W37,W43,W44
2010,68189,88693,W36,W24,W43
2011,68236,98679,W40,W24,W29
2012,68301,102030,W41,W41,W30
2013,68348,119849,W48,W47,W49
2014,68395,369,W1,W8,W19
2015,68448,119848,W48,W47,W48
2016,68450,98674,W40,W24,W24
2017,68486,99368,W40,W38,W18
2018,68573,98688,W40,W24,W38
2019,68581,99382,W40,W38,W32
2020,68588,53310,W22,W17,W10
2021,68616,98687,W40,W24,W37
2022,68665,117649,W48,W3,W49
2023,68692,45928,W19,W19,W28
2024,68732,117648,W48,W3,W48
2025,68744,99383,W40,W38,W33
2026,68809,8,W1,W1,W8
2027,68822,49217,W20,W35,W17
2028,68834,102040,W41,W41,W40
2029,68838,98680,W40,W24,W30
2030,68885,119997,W48,W50,W47
2031,68925,102045,W41,W41,W45
2032,68944,102041,W41,W41,W41
2033,68958,17884,W8,W8,W34
2034,68969,102044,W41,W41,W44
2035,69045,71689,W29,W34,W39
2036,69195,99392,W40,W38,W42
2037,69216,53314,W22,W17,W14
2038,69248,20028,W9,W1,W28
2039,69421,98690,W40,W24,W40
2040,69449,99393,W40,W38,W43
2041,69490,89386,W36,W38,W36
2042,69510,98695,W40,W24,W45
2043,69531,98691,W40,W24,W41
2044,69547,98694,W40,W24,W44
2045,69557,378,W1,W8,W28
2046,69758,88671,W36,W24,W21
2047,69847,88677,W36,W24,W27
2048,69959,88679,W36,W24,W29
2049,70182,117947,W48,W9,W47
2050,70219,88674,W36,W24,W24
2051,70262,49211,W20,W35,W11
2052,70333,89368,W36,W38,W18
2053,70355,17501,W8,W1,W1
2054,70374,88688,W36,W24,W38
2055,70419,88687,W36,W24,W37
2056,70446,89382,W36,W38,W32
2057,70501,117325,W47,W47,W25
2058,70538,117350,W47,W47,W50
2059,70570,34,W1,W1,W34
2060,70596,49222,W20,W35,W22
2061,70655,117309,W47,W47,W9
2062,70674,89383,W36,W38,W33
2063,70727,88680,W36,W24,W30
2064,70836,99371,W40,W38,W21
2065,70902,115125,W47,W3,W25
2066,70910,99377,W40,W38,W27
2067,70926,115150,W47,W3,W50
2068,70983,119803,W48,W47,W3
2069,71029,99379,W40,W38,W29
2070,71063,115109,W47,W3,W9
2071,71143,7375,W3,W48,W25
2072,71172,7400,W3,W48,W50
2073,71206,89392,W36,W38,W42
2074,71236,99374,W40,W38,W24
2075,71263,49226,W20,W35,W26
2076,71284,7359,W3,W48,W9
2077,71309,66689,W27,W34,W39
2078,71331,117603,W48,W3,W3
2079,71387,99388,W40,W38,W38
2080,71414,88690,W36,W24,W40
2081,71429,99387,W40,W38,W37
2082,71517,89393,W36,W38,W43
2083,71534,88695,W36,W24,W45
2084,71559,88691,W36,W24,W41
2085,71588,88694,W36,W24,W44
2086,71644,53316,W22,W17,W16
2087,71655,17869,W8,W8,W19
2088,71708,99380,W40,W38,W30
2089,72073,53312,W22,W17,W12
2090,72231,101651,W41,W34,W1
2091,72293,99390,W40,W38,W40
2092,72390,99395,W40,W38,W45
2093,72414,99391,W40,W38,W41
2094,72423,17508,W8,W1,W8
2095,72434,99394,W40,W38,W44
2096,72484,84189,W34,W34,W39
2097,72727,117349,W47,W47,W49
2098,72820,117348,W47,W47,W48
2099,72824,17878,W8,W8,W28
2100,73063,49235,W20,W35,W35
2101,73136,115149,W47,W3,W49
2102,73160,94486,W38,W40,W36
2103,73247,115148,W47,W3,W48
2104,73248,19,W1,W1,W19
2105,73269,89371,W36,W38,W21
2106,73375,89377,W36,W38,W27
2107,73406,117497,W47,W50,W47
2108,73497,89379,W36,W38,W29
2109,73509,7399,W3,W48,W49
2110,73622,7398,W3,W48,W48
2111,73635,101658,W41,W34,W8
2112,73777,89374,W36,W38,W24
2113,73858,53320,W22,W17,W20
2114,73926,94468,W38,W40,W18
2115,73942,89388,W36,W38,W38
2116,73985,89387,W36,W38,W37
2117,74015,94482,W38,W40,W32
2118,74214,17534,W8,W1,W34
2119,74217,94483,W38,W40,W33
2120,74321,89380,W36,W38,W30
2121,74473,28,W1,W1,W28
2122,74508,73686,W30,W24,W36
2123,74579,22375,W9,W48,W25
2124,74614,22400,W9,W48,W50
2125,74638,94492,W38,W40,W42
2126,74712,53315,W22,W17,W15
2127,74737,22359,W9,W48,W9
2128,74771,101684,W41,W34,W34
2129,74862,115447,W47,W9,W47
2130,74885,94493,W38,W40,W43
2131,75018,89390,W36,W38,W40
2132,75157,89395,W36,W38,W45
2133,75187,89391,W36,W38,W41
2134,75219,89394,W36,W38,W44
2135,75418,73668,W30,W24,W18
2136,75538,73682,W30,W24,W32
2137,75762,73683,W30,W24,W33
2138,75799,117303,W47,W47,W3
2139,75965,117851,W48,W8,W1
2140,76047,53323,W22,W17,W23
2141,76253,115103,W47,W3,W3
2142,76288,73692,W30,W24,W42
2143,76351,101669,W41,W34,W19
2144,76367,94471,W38,W40,W21
2145,76447,94477,W38,W40,W27
2146,76542,94479,W38,W40,W29
2147,76549,17519,W8,W1,W19
2148,76559,73693,W30,W24,W43
2149,76751,7353,W3,W48,W3
2150,76764,94474,W38,W40,W24
2151,76936,94487,W38,W40,W37
2152,76986,22399,W9,W48,W49
2153,77114,22398,W9,W48,W48
2154,77169,101678,W41,W34,W28
2155,77230,94480,W38,W40,W30
2156,77304,91836,W37,W37,W36
2157,77502,53313,W22,W17,W13
2158,77528,119847,W48,W47,W47
2159,77782,17528,W8,W1,W28
2160,77787,117858,W48,W8,W8
2161,77810,94490,W38,W40,W40
2162,77853,59486,W24,W40,W36
2163,77908,94495,W38,W40,W45
2164,77931,94491,W38,W40,W41
2165,77938,117647,W48,W3,W47
2166,77952,94494,W38,W40,W44
2167,77977,91818,W37,W37,W18
2168,78053,91832,W37,W37,W32
2169,78222,5381,W3,W8,W31
2170,78266,91833,W37,W37,W33
2171,78290,74386,W30,W38,W36
2172,78327,73671,W30,W24,W21
2173,78430,73677,W30,W24,W27
2174,78530,73679,W30,W24,W29
2175,78641,91842,W37,W37,W42
2176,78689,59468,W24,W40,W18
2177,78739,73674,W30,W24,W24
2178,78768,53317,W22,W17,W17
2179,78779,59482,W24,W40,W32
2180,78822,91843,W37,W37,W43
2181,78914,73688,W30,W24,W38
2182,78950,73687,W30,W24,W37
2183,79006,59483,W24,W40,W33
2184,79018,46381,W19,W28,W31
2185,79135,74368,W30,W38,W18
2186,79243,74382,W30,W38,W32
2187,79256,117884,W48,W8,W34
2188,79279,73680,W30,W24,W30
2189,79481,74383,W30,W38,W33
2190,79517,59492,W24,W40,W42
2191,79754,59493,W24,W40,W43
2192,79878,73690,W30,W24,W40
2193,79929,74392,W30,W38,W42
2194,79967,73695,W30,W24,W45
2195,79985,73691,W30,W24,W41
2196,80004,73694,W30,W24,W44
2197,80022,91821,W37,W37,W21
2198,80085,91827,W37,W37,W27
2199,80102,22353,W9,W48,W3
2200,80178,91829,W37,W37,W29
2201,80192,74393,W30,W38,W43
2202,80238,53311,W22,W17,W11
2203,80390,91824,W37,W37,W24
2204,80409,117501,W48,W1,W1
2205,80515,91838,W37,W37,W38
2206,80534,53322,W22,W17,W22
2207,80551,91837,W37,W37,W37
2208,80572,76186,W31,W24,W36
2209,80695,2375,W1,W48,W25
2210,80713,2400,W1,W48,W50
2211,80784,117869,W48,W8,W19
2212,80798,91830,W37,W37,W30
2213,80829,115351,W47,W8,W1
2214,80846,2359,W1,W48,W9
2215,81047,20381,W9,W8,W31
2216,81214,53326,W22,W17,W26
2217,81222,91840,W37,W37,W40
2218,81286,59471,W24,W40,W21
2219,81308,76168,W31,W24,W18
2220,81314,91845,W37,W37,W45
2221,81326,91841,W37,W37,W41
2222,81341,91844,W37,W37,W44
2223,81368,59477,W24,W40,W27
2224,81402,76182,W31,W24,W32
2225,81472,59479,W24,W40,W29
2226,81604,76183,W31,W24,W33
2227,81692,117878,W48,W8,W28
2228,81703,59474,W24,W40,W24
2229,81840,74371,W30,W38,W21
2230,81898,59487,W24,W40,W37
2231,81934,74377,W30,W38,W27
2232,82032,117508,W48,W1,W8
2233,82055,74379,W30,W38,W29
2234,82077,76192,W31,W24,W42
2235,82192,59480,W24,W40,W30
2236,82264,74374,W30,W38,W24
2237,82270,76193,W31,W24,W43
2238,82418,74388,W30,W38,W38
2239,82461,74387,W30,W38,W37
2240,82513,44210,W18,W35,W10
2241,82528,115358,W47,W8,W8
2242,82537,117347,W47,W47,W47
2243,82670,5031,W3,W1,W31
2244,82722,45931,W19,W19,W31
2245,82753,59490,W24,W40,W40
2246,82757,74380,W30,W38,W30
2247,82816,2399,W1,W48,W49
2248,82839,59495,W24,W40,W45
2249,82841,53335,W22,W17,W35
2250,82854,59491,W24,W40,W41
2251,82878,59494,W24,W40,W44
2252,82888,111336,W45,W27,W36
2253,82904,2398,W1,W48,W48
2254,82953,115147,W47,W3,W47
2255,83020,44214,W18,W35,W14
2256,83311,117534,W48,W1,W34
2257,83342,74390,W30,W38,W40
2258,83446,74395,W30,W38,W45
2259,83460,74391,W30,W38,W41
2260,83483,74394,W30,W38,W44
2261,83559,111318,W45,W27,W18
2262,83629,111332,W45,W27,W32
2263,83681,76171,W31,W24,W21
2264,83690,7397,W3,W48,W47
2265,83729,19875,W8,W48,W25
2266,83755,76177,W31,W24,W27
2267,83766,19900,W8,W48,W50
2268,83800,76886,W31,W38,W36
2269,83838,54210,W22,W35,W10
2270,83839,111333,W45,W27,W33
2271,83870,76179,W31,W24,W29
2272,83888,19859,W8,W48,W9
2273,83944,115384,W47,W8,W34
2274,84050,76174,W31,W24,W24
2275,84156,46389,W19,W28,W39
2276,84180,76188,W31,W24,W38
2277,84207,111342,W45,W27,W42
2278,84217,76187,W31,W24,W37
2279,84223,5389,W3,W8,W39
2280,84317,54214,W22,W35,W14
2281,84406,111343,W45,W27,W43
2282,84413,117519,W48,W1,W19
2283,84473,76180,W31,W24,W30
2284,84502,76868,W31,W38,W18
2285,84595,76882,W31,W38,W32
2286,84791,76883,W31,W38,W33
2287,84993,44216,W18,W35,W16
2288,85006,76190,W31,W24,W40
2289,85055,115369,W47,W8,W19
2290,85068,115001,W47,W1,W1
2291,85113,76195,W31,W24,W45
2292,85125,76191,W31,W24,W41
2293,85146,76194,W31,W24,W44
2294,85232,76892,W31,W38,W42
2295,85258,20031,W9,W1,W31
2296,85295,117528,W48,W1,W28
2297,85342,44212,W18,W35,W12
2298,85449,76893,W31,W38,W43
2299,85601,2353,W1,W48,W3
2300,85696,19899,W8,W48,W49
2301,85718,111321,W45,W27,W21
2302,85740,381,W1,W8,W31
2303,85781,111327,W45,W27,W27
2304,85786,19898,W8,W48,W48
2305,85873,111329,W45,W27,W29
2306,86013,115378,W47,W8,W28
2307,86026,68896,W28,W28,W46
2308,86072,111324,W45,W27,W24
2309,86202,111338,W45,W27,W38
2310,86224,111337,W45,W27,W37
2311,86294,54216,W22,W35,W16
2312,86467,111330,W45,W27,W30
2313,86653,54212,W22,W35,W12
2314,86665,22397,W9,W48,W47
2315,86712,115008,W47,W1,W8
2316,86769,44220,W18,W35,W20
2317,86832,20389,W9,W8,W39
2318,86892,76871,W31,W38,W21
2319,86957,76877,W31,W38,W27
2320,86987,111340,W45,W27,W40
2321,87051,76879,W31,W38,W29
2322,87066,111345,W45,W27,W45
2323,87079,111341,W45,W27,W41
2324,87095,111344,W45,W27,W44
2325,87193,101681,W41,W34,W31
2326,87231,76874,W31,W38,W24
2327,87234,72039,W29,W41,W39
2328,87304,44215,W18,W35,W15
2329,87380,76888,W31,W38,W38
2330,87410,76887,W31,W38,W37
2331,87551,45939,W19,W19,W39
2332,87686,76880,W31,W38,W30
2333,88036,54220,W22,W35,W20
2334,88048,115034,W47,W1,W34
2335,88155,17881,W8,W8,W31
2336,88218,76890,W31,W38,W40
2337,88277,5039,W3,W1,W39
2338,88326,76895,W31,W38,W45
2339,88339,76891,W31,W38,W41
2340,88355,19853,W8,W48,W3
2341,88358,76894,W31,W38,W44
2342,88430,44223,W18,W35,W23
2343,88626,54215,W22,W35,W15
2344,88869,115019,W47,W1,W19
2345,89322,67039,W27,W41,W39
2346,89450,44213,W18,W35,W13
2347,89547,68446,W28,W19,W46
2348,89746,92251,W37,W46,W1
2349,89775,54223,W22,W35,W23
2350,89819,115028,W47,W1,W28
2351,89900,31,W1,W1,W31
2352,90125,84539,W34,W41,W39
2353,90377,44217,W18,W35,W17
2354,90728,119875,W48,W48,W25
2355,90756,119900,W48,W48,W50
2356,90757,54213,W22,W35,W13
2357,90809,92258,W37,W46,W8
2358,90849,119859,W48,W48,W9
2359,90870,20039,W9,W1,W39
2360,90956,101689,W41,W34,W39
2361,91436,389,W1,W8,W39
2362,91659,44211,W18,W35,W11
2363,91700,92284,W37,W46,W34
2364,91710,54217,W22,W35,W17
2365,91802,44222,W18,W35,W22
2366,91951,2397,W1,W48,W47
2367,91966,91586,W37,W32,W36
2368,91969,59001,W24,W31,W1
2369,92046,92269,W37,W46,W19
2370,92191,17531,W8,W1,W31
2371,92353,119899,W48,W48,W49
2372,92366,99486,W40,W40,W36
2373,92439,119898,W48,W48,W48
2374,92461,44226,W18,W35,W26
2375,92544,91568,W37,W32,W18
2376,92600,91582,W37,W32,W32
2377,92667,92278,W37,W46,W28
2378,92748,91583,W37,W32,W33
2379,92893,96901,W39,W39,W1
2380,92975,54211,W22,W35,W11
2381,93003,99468,W40,W40,W18
2382,93066,99482,W40,W40,W32
2383,93111,91592,W37,W32,W42
2384,93113,56110,W23,W23,W10
2385,93125,54222,W22,W35,W22
2386,93199,59008,W24,W31,W8
2387,93254,99483,W40,W40,W33
2388,93259,91593,W37,W32,W43
2389,93439,111436,W45,W29,W36
2390,93612,56114,W23,W23,W14
2391,93632,99492,W40,W40,W42
2392,93707,17889,W8,W8,W39
2393,93796,117881,W48,W8,W31
2394,93808,99493,W40,W40,W43
2395,93818,54226,W22,W35,W26
2396,93910,44235,W18,W35,W35
2397,93995,96908,W39,W39,W8
2398,94118,111418,W45,W29,W18
2399,94179,111432,W45,W29,W32
2400,94259,59034,W24,W31,W34
2401,94391,111433,W45,W29,W33
2402,94453,91571,W37,W32,W21
2403,94507,91577,W37,W32,W27
2404,94525,59019,W24,W31,W19
2405,94579,19897,W8,W48,W47
2406,94595,91579,W37,W32,W29
2407,94658,119853,W48,W48,W3
2408,94744,91574,W37,W32,W24
2409,94768,111442,W45,W29,W42
2410,94857,91588,W37,W32,W38
2411,94877,91587,W37,W32,W37
2412,94902,96934,W39,W39,W34
2413,94921,111443,W45,W29,W43
2414,95051,71696,W29,W34,W46
2415,95070,99471,W40,W40,W21
2416,95073,91580,W37,W32,W30
2417,95078,96919,W39,W39,W19
2418,95137,99477,W40,W40,W27
2419,95231,99479,W40,W40,W29
2420,95248,54235,W22,W35,W35
2421,95249,59028,W24,W31,W28
2422,95404,99474,W40,W40,W24
2423,95506,91590,W37,W32,W40
2424,95556,99487,W40,W40,W37
2425,95575,39,W1,W1,W39
2426,95585,91595,W37,W32,W45
2427,95592,91591,W37,W32,W41
2428,95610,91594,W37,W32,W44
2429,95641,56116,W23,W23,W16
2430,95735,96928,W39,W39,W28
2431,95780,99480,W40,W40,W30
2432,95980,56112,W23,W23,W12
2433,96234,111421,W45,W29,W21
2434,96258,99490,W40,W40,W40
2435,96313,111427,W45,W29,W27
2436,96358,117375,W47,W48,W25
2437,96362,99495,W40,W40,W45
2438,96375,99491,W40,W40,W41
2439,96389,117400,W47,W48,W50
2440,96399,99494,W40,W40,W44
2441,96406,111429,W45,W29,W29
2442,96497,117359,W47,W48,W9
2443,96595,111424,W45,W29,W24
2444,96728,111438,W45,W29,W38
2445,96758,111437,W45,W29,W37
2446,96881,57425,W23,W49,W25
2447,96913,57450,W23,W49,W50
2448,96994,111430,W45,W29,W30
2449,97013,57409,W23,W49,W9
2450,97226,66696,W27,W34,W46
2451,97308,117531,W48,W1,W31
2452,97473,111440,W45,W29,W40
2453,97490,56120,W23,W23,W20
2454,97572,111445,W45,W29,W45
2455,97582,111441,W45,W29,W41
2456,97602,111444,W45,W29,W44
2457,97756,17539,W8,W1,W39
2458,98004,56115,W23,W23,W15
2459,98044,84196,W34,W34,W46
2460,98136,89486,W36,W40,W36
2461,98174,117399,W47,W48,W49
2462,98277,117398,W47,W48,W48
2463,98544,121110,W49,W23,W10
2464,98608,57449,W23,W49,W49
2465,98609,117889,W48,W8,W39
2466,98691,57448,W23,W49,W48
2467,98939,89468,W36,W40,W18
2468,98954,121114,W49,W23,W14
2469,98967,112236,W45,W45,W36
2470,98994,89482,W36,W40,W32
2471,99048,115381,W47,W8,W31
2472,99110,81636,W33,W33,W36
2473,99211,89483,W36,W40,W33
2474,99326,56123,W23,W23,W23
2475,99600,112218,W45,W45,W18
2476,99661,89492,W36,W40,W42
2477,99664,112232,W45,W45,W32
2478,99765,81618,W33,W33,W18
2479,99834,81632,W33,W33,W32
2480,99841,89493,W36,W40,W43
2481,99871,112233,W45,W45,W33
2482,99934,119897,W48,W48,W47
2483,100021,81633,W33,W33,W33
2484,100273,56113,W23,W23,W13
2485,100295,112242,W45,W45,W42
2486,100422,81642,W33,W33,W42
2487,100431,112243,W45,W45,W43
2488,100480,121116,W49,W23,W16
2489,100534,81643,W33,W33,W43
2490,100657,117353,W47,W48,W3
2491,100692,121112,W49,W23,W12
2492,100883,57403,W23,W49,W3
2493,101028,61225,W25,W25,W25
2494,101052,61250,W25,W25,W50
2495,101133,61209,W25,W25,W9
2496,101143,56117,W23,W23,W17
2497,101241,122425,W49,W49,W25
2498,101257,122450,W49,W49,W50
2499,101304,89471,W36,W40,W21
2500,101311,122409,W49,W49,W9
2501,101380,89477,W36,W40,W27
2502,101480,89479,W36,W40,W29
2503,101492,92281,W37,W46,W31
2504,101688,89474,W36,W40,W24
2505,101702,112221,W45,W45,W21
2506,101751,112227,W45,W45,W27
2507,101774,121120,W49,W23,W20
2508,101779,81621,W33,W33,W21
2509,101834,112229,W45,W45,W29
2510,101847,81627,W33,W33,W27
2511,101850,89487,W36,W40,W37
2512,101926,81629,W33,W33,W29
2513,102004,117539,W48,W1,W39
2514,102005,112224,W45,W45,W24
2515,102090,81624,W33,W33,W24
2516,102102,121115,W49,W23,W15
2517,102105,89480,W36,W40,W30
2518,102119,112238,W45,W45,W38
2519,102139,112237,W45,W45,W37
2520,102190,81638,W33,W33,W38
2521,102221,81637,W33,W33,W37
2522,102348,112230,W45,W45,W30
2523,102358,56111,W23,W23,W11
2524,102363,61249,W25,W25,W49
2525,102386,122449,W49,W49,W49
2526,102411,81630,W33,W33,W30
2527,102424,61248,W25,W25,W48
2528,102426,56122,W23,W23,W22
2529,102442,122448,W49,W49,W48
2530,102556,89490,W36,W40,W40
2531,102618,115031,W47,W1,W31
2532,102630,89495,W36,W40,W45
2533,102635,89491,W36,W40,W41
2534,102662,89494,W36,W40,W44
2535,102681,57475,W23,W50,W25
2536,102706,57500,W23,W50,W50
2537,102735,112240,W45,W45,W40
2538,102789,57459,W23,W50,W9
2539,102809,81640,W33,W33,W40
2540,102831,112245,W45,W45,W45
2541,102836,112241,W45,W45,W41
2542,102859,112244,W45,W45,W44
2543,102897,81645,W33,W33,W45
2544,102903,81641,W33,W33,W41
2545,102928,81644,W33,W33,W44
2546,102938,121123,W49,W23,W23
2547,103096,56126,W23,W23,W26
2548,103568,121113,W49,W23,W13
2549,103578,104401,W42,W39,W1
2550,103690,55425,W23,W9,W25
2551,103713,55450,W23,W9,W50
2552,103754,97186,W39,W44,W36
2553,103797,55409,W23,W9,W9
2554,103835,115389,W47,W8,W39
2555,103945,122403,W49,W49,W3
2556,103951,102039,W41,W41,W39
2557,104152,61203,W25,W25,W3
2558,104154,121117,W49,W23,W17
2559,104156,57499,W23,W50,W49
2560,104197,76901,W31,W39,W1
2561,104216,57498,W23,W50,W48
2562,104249,97168,W39,W44,W18
2563,104276,96931,W39,W39,W31
2564,104290,97182,W39,W44,W32
2565,104381,56135,W23,W23,W35
2566,104438,97183,W39,W44,W33
2567,104464,104408,W42,W39,W8
2568,104537,92289,W37,W46,W39
2569,104760,97192,W39,W44,W42
2570,104777,74486,W30,W40,W36
2571,104859,59031,W24,W31,W31
2572,104884,97193,W39,W44,W43
2573,104930,104419,W42,W39,W19
2574,105052,121111,W49,W23,W11
2575,105076,55449,W23,W9,W49
2576,105088,121122,W49,W23,W22
2577,105153,55448,W23,W9,W48
2578,105223,122475,W49,W50,W25
2579,105236,104434,W42,W39,W34
2580,105244,122500,W49,W50,W50
2581,105258,76908,W31,W39,W8
2582,105304,122459,W49,W50,W9
2583,105402,74468,W30,W40,W18
2584,105448,104428,W42,W39,W28
2585,105452,74482,W30,W40,W32
2586,105531,57447,W23,W49,W47
2587,105574,121126,W49,W23,W26
2588,105654,74483,W30,W40,W33
2589,105689,117397,W47,W48,W47
2590,105711,76919,W31,W39,W19
2591,105729,97086,W39,W42,W36
2592,105905,120425,W49,W9,W25
2593,105909,97171,W39,W44,W21
2594,105922,120450,W49,W9,W50
2595,105965,97177,W39,W44,W27
2596,105985,120409,W49,W9,W9
2597,106030,74492,W30,W40,W42
2598,106037,97179,W39,W44,W29
2599,106057,57453,W23,W50,W3
2600,106117,76934,W31,W39,W34
2601,106143,74493,W30,W40,W43
2602,106157,97174,W39,W44,W24
2603,106197,97068,W39,W42,W18
2604,106234,97082,W39,W42,W32
2605,106247,122499,W49,W50,W49
2606,106254,97188,W39,W44,W38
2607,106278,97187,W39,W44,W37
2608,106304,122498,W49,W50,W48
2609,106327,76928,W31,W39,W28
2610,106388,97083,W39,W42,W33
2611,106456,97180,W39,W44,W30
2612,106469,121135,W49,W23,W35
2613,106560,96501,W39,W31,W1
2614,106658,97092,W39,W42,W42
2615,106753,97093,W39,W42,W43
2616,106790,97190,W39,W44,W40
2617,106852,97195,W39,W44,W45
2618,106860,97191,W39,W44,W41
2619,106882,97194,W39,W44,W44
2620,106891,55403,W23,W9,W3
2621,106895,120449,W49,W9,W49
2622,106939,120448,W49,W9,W48
2623,106956,115039,W47,W1,W39
2624,107164,96939,W39,W39,W39
2625,107256,122447,W49,W49,W47
2626,107385,74471,W30,W40,W21
2627,107396,96508,W39,W31,W8
2628,107446,74477,W30,W40,W27
2629,107535,74479,W30,W40,W29
2630,107584,82136,W33,W43,W36
2631,107617,122453,W49,W50,W3
2632,107636,96519,W39,W31,W19
2633,107677,74474,W30,W40,W24
2634,107747,76986,W31,W40,W36
2635,107753,97071,W39,W42,W21
2636,107813,97077,W39,W42,W27
2637,107839,74487,W30,W40,W37
2638,107864,97079,W39,W42,W29
2639,107965,61247,W25,W25,W47
2640,107969,97074,W39,W42,W24
2641,108006,74480,W30,W40,W30
2642,108012,59039,W24,W31,W39
2643,108048,96534,W39,W31,W34
2644,108051,82118,W33,W43,W18
2645,108065,97087,W39,W42,W37
2646,108092,82132,W33,W43,W32
2647,108118,96528,W39,W31,W28
2648,108170,109401,W44,W39,W1
2649,108220,120403,W49,W9,W3
2650,108239,97080,W39,W42,W30
2651,108251,82133,W33,W43,W33
2652,108260,76968,W31,W40,W18
2653,108297,76982,W31,W40,W32
2654,108389,46396,W19,W28,W46
2655,108412,74490,W30,W40,W40
2656,108421,57325,W23,W47,W25
2657,108440,57350,W23,W47,W50
2658,108449,76983,W31,W40,W33
2659,108481,94489,W38,W40,W39
2660,108484,111651,W45,W34,W1
2661,108491,74495,W30,W40,W45
2662,108495,74491,W30,W40,W41
2663,108508,57309,W23,W47,W9
2664,108517,74494,W30,W40,W44
2665,108543,82142,W33,W43,W42
2666,108557,97090,W39,W42,W40
2667,108642,97095,W39,W42,W45
2668,108646,97091,W39,W42,W41
2669,108655,82143,W33,W43,W43
2670,108666,97094,W39,W42,W44
2671,108833,76992,W31,W40,W42
2672,108944,76993,W31,W40,W43
2673,108948,55125,W23,W3,W25
2674,108979,55150,W23,W3,W50
2675,109038,109408,W44,W39,W8
2676,109044,55109,W23,W3,W9
2677,109213,109419,W44,W39,W19
2678,109381,101696,W41,W34,W46
2679,109418,111658,W45,W34,W8
2680,109450,123610,W50,W23,W10
2681,109452,122325,W49,W47,W25
2682,109477,122350,W49,W47,W50
2683,109527,122309,W49,W47,W9
2684,109563,111669,W45,W34,W19
2685,109702,109428,W44,W39,W28
2686,109714,123614,W50,W23,W14
2687,109731,109434,W44,W39,W34
2688,109748,57349,W23,W47,W49
2689,109774,82121,W33,W43,W21
2690,109800,57348,W23,W47,W48
2691,109810,120125,W49,W3,W25
2692,109817,82127,W33,W43,W27
2693,109820,120150,W49,W3,W50
2694,109888,120109,W49,W3,W9
2695,109895,82129,W33,W43,W29
2696,110023,82124,W33,W43,W24
2697,110081,111678,W45,W34,W28
2698,110103,76971,W31,W40,W21
2699,110104,57497,W23,W50,W47
2700,110135,111684,W45,W34,W34
2701,110148,82138,W33,W43,W38
2702,110169,76977,W31,W40,W27
2703,110170,82137,W33,W43,W37
2704,110227,55149,W23,W3,W49
2705,110233,76979,W31,W40,W29
2706,110278,55148,W23,W3,W48
2707,110319,82130,W33,W43,W30
2708,110346,76974,W31,W40,W24
2709,110377,122349,W49,W47,W49
2710,110419,122348,W49,W47,W48
2711,110476,76987,W31,W40,W37
2712,110620,122497,W49,W50,W47
2713,110647,76980,W31,W40,W30
2714,110648,82140,W33,W43,W40
2715,110693,120149,W49,W3,W49
2716,110705,82145,W33,W43,W45
2717,110708,82141,W33,W43,W41
2718,110727,82144,W33,W43,W44
2719,110735,120148,W49,W3,W48
2720,110759,123616,W50,W23,W16
2721,110821,55447,W23,W9,W47
2722,110909,45946,W19,W19,W46
2723,110942,123612,W50,W23,W12
2724,111024,76990,W31,W40,W40
2725,111103,76995,W31,W40,W45
2726,111108,76991,W31,W40,W41
2727,111127,76994,W31,W40,W44
2728,111170,124925,W50,W49,W25
2729,111191,124950,W50,W49,W50
2730,111216,120447,W49,W9,W47
2731,111231,124909,W50,W49,W9
2732,111341,57303,W23,W47,W3
2733,111443,5396,W3,W8,W46
2734,111553,122303,W49,W47,W3
2735,111724,123620,W50,W23,W20
2736,111770,55103,W23,W3,W3
2737,111881,120103,W49,W3,W3
2738,111887,123615,W50,W23,W15
2739,111965,104686,W42,W44,W36
2740,111981,124949,W50,W49,W49
2741,112032,124948,W50,W49,W48
2742,112040,104431,W42,W39,W31
2743,112349,114136,W46,W33,W36
2744,112391,104668,W42,W44,W18
2745,112413,106636,W43,W33,W36
2746,112430,104682,W42,W44,W32
2747,112577,104683,W42,W44,W33
2748,112607,120351,W49,W8,W1
2749,112673,123623,W50,W23,W23
2750,112674,55351,W23,W8,W1
2751,112731,114118,W46,W33,W18
2752,112766,114132,W46,W33,W32
2753,112793,106618,W43,W33,W18
2754,112823,104692,W42,W44,W42
2755,112832,106632,W43,W33,W32
2756,112894,104693,W42,W44,W43
2757,112901,114133,W46,W33,W33
2758,112955,106633,W43,W33,W33
2759,113076,123613,W50,W23,W13
2760,113124,114142,W46,W33,W42
2761,113168,106642,W43,W33,W42
2762,113175,124903,W50,W49,W3
2763,113177,114143,W46,W33,W43
2764,113230,106643,W43,W33,W43
2765,113271,120369,W49,W8,W19
2766,113351,20396,W9,W8,W46
2767,113366,120358,W49,W8,W8
2768,113493,123617,W50,W23,W17
2769,113522,55369,W23,W8,W19
2770,113545,104586,W42,W42,W36
2771,113666,55358,W23,W8,W8
2772,113742,104671,W42,W44,W21
2773,113749,120378,W49,W8,W28
2774,113786,104677,W42,W44,W27
2775,113797,76931,W31,W39,W31
2776,113825,77186,W31,W44,W36
2777,113830,104679,W42,W44,W29
2778,113917,104568,W42,W42,W18
2779,113924,104674,W42,W44,W24
2780,113946,104582,W42,W42,W32
2781,113966,114121,W46,W33,W21
2782,113985,120384,W49,W8,W34
2783,113998,114127,W46,W33,W27
2784,114000,106621,W43,W33,W21
2785,114003,104688,W42,W44,W38
2786,114024,104687,W42,W44,W37
2787,114029,106627,W43,W33,W27
2788,114033,114129,W46,W33,W29
2789,114036,124975,W50,W50,W25
2790,114049,125000,W50,W50,W50
2791,114054,104583,W42,W42,W33
2792,114072,106629,W43,W33,W29
2793,114083,55378,W23,W8,W28
2794,114094,124959,W50,W50,W9
2795,114099,104001,W42,W31,W1
2796,114116,114124,W46,W33,W24
2797,114129,104680,W42,W44,W30
2798,114134,123622,W50,W23,W22
2799,114138,123611,W50,W23,W11
2800,114142,106624,W43,W33,W24
2801,114169,5046,W3,W1,W46
2802,114186,114138,W46,W33,W38
2803,114209,114137,W46,W33,W37
2804,114227,106638,W43,W33,W38
2805,114236,122347,W49,W47,W47
2806,114244,106637,W43,W33,W37
2807,114245,77168,W31,W44,W18
2808,114283,77182,W31,W44,W32
2809,114287,96531,W39,W31,W31
2810,114292,104592,W42,W42,W42
2811,114338,104593,W42,W42,W43
2812,114340,114130,W46,W33,W30
2813,114352,104439,W42,W39,W39
2814,114369,106630,W43,W33,W30
2815,114395,55384,W23,W8,W34
2816,114409,104690,W42,W44,W40
2817,114415,77183,W31,W44,W33
2818,114442,81836,W33,W37,W36
2819,114457,104695,W42,W44,W45
2820,114462,104691,W42,W44,W41
2821,114463,59489,W24,W40,W39
2822,114474,104694,W42,W44,W44
2823,114485,120001,W49,W1,W1
2824,114506,122925,W50,W9,W25
2825,114515,123626,W50,W23,W26
2826,114521,122950,W50,W9,W50
2827,114538,120147,W49,W3,W47
2828,114554,104019,W42,W31,W19
2829,114556,114140,W46,W33,W40
2830,114557,122909,W50,W9,W9
2831,114575,106640,W43,W33,W40
2832,114589,114145,W46,W33,W45
2833,114590,114141,W46,W33,W41
2834,114603,114144,W46,W33,W44
2835,114614,106645,W43,W33,W45
2836,114615,106641,W43,W33,W41
2837,114627,106644,W43,W33,W44
2838,114629,77192,W31,W44,W42
2839,114665,104008,W42,W31,W8
2840,114684,77193,W31,W44,W43
2841,114702,57347,W23,W47,W47
2842,114720,124999,W50,W50,W49
2843,114749,124998,W50,W50,W48
2844,114758,81818,W33,W37,W18
2845,114777,81832,W33,W37,W32
2846,114876,81833,W33,W37,W33
2847,114877,104028,W42,W31,W28
2848,114907,120019,W49,W1,W19
2849,114981,55001,W23,W1,W1
2850,115011,104571,W42,W42,W21
2851,115046,104577,W42,W42,W27
2852,115086,120008,W49,W1,W8
2853,115097,104579,W42,W42,W29
2854,115098,123635,W50,W23,W35
2855,115101,55147,W23,W3,W47
2856,115111,81842,W33,W37,W42
2857,115153,104034,W42,W31,W34
2858,115168,81843,W33,W37,W43
2859,115174,122949,W50,W9,W49
2860,115188,104574,W42,W42,W24
2861,115209,122948,W50,W9,W48
2862,115214,79136,W32,W33,W36
2863,115284,104587,W42,W42,W37
2864,115337,120028,W49,W1,W28
2865,115341,77086,W31,W42,W36
2866,115410,104580,W42,W42,W30
2867,115490,109431,W44,W39,W31
2868,115507,124947,W50,W49,W47
2869,115540,77171,W31,W44,W21
2870,115548,55019,W23,W1,W19
2871,115557,79118,W32,W33,W18
2872,115572,77177,W31,W44,W27
2873,115582,79132,W32,W33,W32
2874,115586,109686,W44,W44,W36
2875,115621,120034,W49,W1,W34
2876,115625,77179,W31,W44,W29
2877,115637,104590,W42,W42,W40
2878,115659,124953,W50,W50,W3
2879,115683,104595,W42,W42,W45
2880,115684,104591,W42,W42,W41
2881,115691,79133,W32,W33,W33
2882,115695,104594,W42,W42,W44
2883,115701,77068,W31,W42,W18
2884,115724,20046,W9,W1,W46
2885,115725,77174,W31,W44,W24
2886,115732,77082,W31,W42,W32
2887,115793,55008,W23,W1,W8
2888,115799,77188,W31,W44,W38
2889,115816,77187,W31,W44,W37
2890,115848,77083,W31,W42,W33
2891,115854,76501,W31,W31,W1
2892,115884,79142,W32,W33,W42
2893,115890,81821,W33,W37,W21
2894,115893,109668,W44,W44,W18
2895,115914,109682,W44,W44,W32
2896,115925,81827,W33,W37,W27
2897,115929,79143,W32,W33,W43
2898,115940,77180,W31,W44,W30
2899,115965,111681,W45,W34,W31
2900,115982,81829,W33,W37,W29
2901,116016,55028,W23,W1,W28
2902,116021,109683,W44,W44,W33
2903,116032,76939,W31,W39,W39
2904,116046,81824,W33,W37,W24
2905,116053,77092,W31,W42,W42
2906,116055,122903,W50,W9,W3
2907,116100,77093,W31,W42,W43
2908,116109,81838,W33,W37,W38
2909,116115,96539,W39,W31,W39
2910,116124,81837,W33,W37,W37
2911,116196,77190,W31,W44,W40
2912,116200,109692,W44,W44,W42
2913,116221,76519,W31,W31,W19
2914,116232,396,W1,W8,W46
2915,116239,81830,W33,W37,W30
2916,116241,109693,W44,W44,W43
2917,116251,77195,W31,W44,W45
2918,116252,77191,W31,W44,W41
2919,116269,77194,W31,W44,W44
2920,116389,55034,W23,W1,W34
2921,116441,76508,W31,W31,W8
2922,116455,81840,W33,W37,W40
2923,116499,81845,W33,W37,W45
2924,116500,81841,W33,W37,W41
2925,116518,81844,W33,W37,W44
2926,116587,76528,W31,W31,W28
2927,116600,79121,W32,W33,W21
2928,116626,79127,W32,W33,W27
2929,116660,79129,W32,W33,W29
2930,116684,109586,W44,W42,W36
2931,116722,79124,W32,W33,W24
2932,116771,124825,W50,W47,W25
2933,116784,124850,W50,W47,W50
2934,116791,79138,W32,W33,W38
2935,116804,79137,W32,W33,W37
2936,116811,124809,W50,W47,W9
2937,116817,77071,W31,W42,W21
2938,116855,109671,W44,W44,W21
2939,116863,77077,W31,W42,W27
2940,116887,109677,W44,W44,W27
2941,116917,77079,W31,W42,W29
2942,116927,79130,W32,W33,W30
2943,116935,109679,W44,W44,W29
2944,116937,76534,W31,W31,W34
2945,116949,17896,W8,W8,W46
2946,116981,109568,W44,W42,W18
2947,117000,77074,W31,W42,W24
2948,117004,109582,W44,W42,W32
2949,117010,109674,W44,W44,W24
2950,117049,122625,W50,W3,W25
2951,117056,122650,W50,W3,W50
2952,117065,109688,W44,W44,W38
2953,117078,109687,W44,W44,W37
2954,117082,109001,W44,W31,W1
2955,117087,77087,W31,W42,W37
2956,117098,122609,W50,W3,W9
2957,117103,109583,W44,W42,W33
2958,117149,79140,W32,W33,W40
2959,117185,109680,W44,W44,W30
2960,117195,79145,W32,W33,W45
2961,117196,79141,W32,W33,W41
2962,117198,109439,W44,W39,W39
2963,117212,79144,W32,W33,W44
2964,117214,77080,W31,W42,W30
2965,117221,107136,W43,W43,W36
2966,117228,92296,W37,W46,W46
2967,117234,114636,W46,W43,W36
2968,117292,109592,W44,W42,W42
2969,117318,109593,W44,W42,W43
2970,117330,109019,W44,W31,W19
2971,117367,117896,W48,W8,W46
2972,117374,124849,W50,W47,W49
2973,117405,109690,W44,W44,W40
2974,117409,124848,W50,W47,W48
2975,117455,109695,W44,W44,W45
2976,117456,109691,W44,W44,W41
2977,117467,77090,W31,W42,W40
2978,117470,109694,W44,W44,W44
2979,117492,107118,W43,W43,W18
2980,117509,114618,W46,W43,W18
2981,117512,107132,W43,W43,W32
2982,117523,77095,W31,W42,W45
2983,117524,77091,W31,W42,W41
2984,117530,114632,W46,W43,W32
2985,117540,77094,W31,W42,W44
2986,117563,124997,W50,W50,W47
2987,117606,109008,W44,W31,W8
2988,117611,107133,W43,W43,W33
2989,117621,114633,W46,W43,W33
2990,117649,122649,W50,W3,W49
2991,117653,109028,W44,W31,W28
2992,117679,122648,W50,W3,W48
2993,117725,111689,W45,W34,W39
2994,117768,107142,W43,W43,W42
2995,117793,114642,W46,W43,W42
2996,117808,107143,W43,W43,W43
2997,117823,114643,W46,W43,W43
2998,117937,122947,W50,W9,W47
2999,117954,109571,W44,W42,W21
3000,117970,109577,W44,W42,W27
3001,118000,109034,W44,W31,W34
3002,118005,109579,W44,W42,W29
3003,118067,109574,W44,W42,W24
3004,118133,109587,W44,W42,W37
3005,118152,124803,W50,W47,W3
3006,118188,46,W1,W1,W46
3007,118210,109580,W44,W42,W30
3008,118307,107121,W43,W43,W21
3009,118335,114621,W46,W43,W21
3010,118338,107127,W43,W43,W27
3011,118367,114627,W46,W43,W27
3012,118379,107129,W43,W43,W29
3013,118386,122603,W50,W3,W3
3014,118397,114629,W46,W43,W29
3015,118401,109590,W44,W42,W40
3016,118418,111225,W45,W25,W25
3017,118427,107124,W43,W43,W24
3018,118431,111250,W45,W25,W50
3019,118436,109591,W44,W42,W41
3020,118438,109595,W44,W42,W45
3021,118439,120381,W49,W8,W31
3022,118446,109594,W44,W42,W44
3023,118452,114624,W46,W43,W24
3024,118458,111209,W45,W25,W9
3025,118477,107138,W43,W43,W38
3026,118487,107137,W43,W43,W37
3027,118502,114638,W46,W43,W38
3028,118504,99489,W40,W40,W39
3029,118510,114637,W46,W43,W37
3030,118546,122851,W50,W8,W1
3031,118562,107130,W43,W43,W30
3032,118579,114630,W46,W43,W30
3033,118675,122869,W50,W8,W19
3034,118702,122375,W49,W48,W25
3035,118711,122400,W49,W48,W50
3036,118713,107140,W43,W43,W40
3037,118745,114640,W46,W43,W40
3038,118746,122359,W49,W48,W9
3039,118748,17546,W8,W1,W46
3040,118753,96946,W39,W39,W46
3041,118758,107141,W43,W43,W41
3042,118760,107145,W43,W43,W45
3043,118773,107144,W43,W43,W44
3044,118789,114641,W46,W43,W41
3045,118790,114645,W46,W43,W45
3046,118804,114644,W46,W43,W44
3047,118877,117546,W48,W1,W46
3048,118898,111249,W45,W25,W49
3049,118921,111248,W45,W25,W48
3050,118951,104031,W42,W31,W31
3051,118952,122878,W50,W8,W28
3052,118961,122858,W50,W8,W8
3053,119195,122399,W49,W48,W49
3054,119206,122398,W49,W48,W48
3055,119296,122884,W50,W8,W34
3056,119468,120031,W49,W1,W31
3057,119490,111203,W45,W25,W3
3058,119551,55381,W23,W8,W31
3059,119585,122501,W50,W1,W1
3060,119587,124847,W50,W47,W47
3061,119592,79636,W32,W43,W36
3062,119650,122519,W50,W1,W19
3063,119744,120389,W49,W8,W39
3064,119758,122353,W49,W48,W3
3065,119778,122647,W50,W3,W47
3066,119792,79618,W32,W43,W18
3067,119798,79632,W32,W43,W32
3068,119858,122528,W50,W1,W28
3069,119867,79633,W32,W43,W33
3070,119936,122508,W50,W1,W8
3071,119983,57375,W23,W48,W25
3072,120000,57400,W23,W48,W50
3073,120001,59046,W24,W31,W46
3074,120033,79642,W32,W43,W42
3075,120034,57359,W23,W48,W9
3076,120062,79643,W32,W43,W43
3077,120100,104039,W42,W31,W39
3078,120115,106836,W43,W37,W36
3079,120144,114336,W46,W37,W36
3080,120224,122534,W50,W1,W34
3081,120255,106818,W43,W37,W18
3082,120261,106832,W43,W37,W32
3083,120267,115396,W47,W8,W46
3084,120291,114318,W46,W37,W18
3085,120296,114332,W46,W37,W32
3086,120315,106833,W43,W37,W33
3087,120359,114333,W46,W37,W33
3088,120435,106842,W43,W37,W42
3089,120450,106843,W43,W37,W43
3090,120476,114342,W46,W37,W42
3091,120485,76531,W31,W31,W31
3092,120487,79621,W32,W43,W21
3093,120489,57399,W23,W48,W49
3094,120494,114343,W46,W37,W43
3095,120507,79627,W32,W43,W27
3096,120515,57398,W23,W48,W48
3097,120532,79629,W32,W43,W29
3098,120580,79624,W32,W43,W24
3099,120614,120039,W49,W1,W39
3100,120621,79638,W32,W43,W38
3101,120629,79637,W32,W43,W37
3102,120666,55031,W23,W1,W31
3103,120686,111247,W45,W25,W47
3104,120693,79630,W32,W43,W30
3105,120728,109031,W44,W31,W31
3106,120772,106821,W43,W37,W21
3107,120788,106827,W43,W37,W27
3108,120806,79640,W32,W43,W40
3109,120813,106829,W43,W37,W29
3110,120824,114321,W46,W37,W21
3111,120843,114327,W46,W37,W27
3112,120848,79641,W32,W43,W41
3113,120850,79645,W32,W43,W45
3114,120860,79644,W32,W43,W44
3115,120863,106824,W43,W37,W24
3116,120865,114329,W46,W37,W29
3117,120902,106838,W43,W37,W38
3118,120904,82269,W33,W46,W19
3119,120911,106837,W43,W37,W37
3120,120914,114324,W46,W37,W24
3121,120922,82251,W33,W46,W1
3122,120950,114338,W46,W37,W38
3123,120958,114337,W46,W37,W37
3124,120965,122397,W49,W48,W47
3125,120975,106830,W43,W37,W30
3126,120980,55389,W23,W8,W39
3127,121011,114330,W46,W37,W30
3128,121072,106840,W43,W37,W40
3129,121091,106841,W43,W37,W41
3130,121093,106845,W43,W37,W45
3131,121101,106844,W43,W37,W44
3132,121110,114340,W46,W37,W40
3133,121111,82278,W33,W46,W28
3134,121124,57353,W23,W48,W3
3135,121130,114341,W46,W37,W41
3136,121132,114345,W46,W37,W45
3137,121139,114344,W46,W37,W44
3138,121158,81586,W33,W32,W36
3139,121224,82258,W33,W46,W8
3140,121309,81568,W33,W32,W18
3141,121317,81582,W33,W32,W32
3142,121355,115046,W47,W1,W46
3143,121372,81583,W33,W32,W33
3144,121456,82284,W33,W46,W34
3145,121468,81592,W33,W32,W42
3146,121482,81593,W33,W32,W43
3147,121515,76539,W31,W31,W39
3148,121586,109039,W44,W31,W39
3149,121609,122881,W50,W8,W31
3150,121644,104446,W42,W39,W46
3151,121762,81571,W33,W32,W21
3152,121772,89489,W36,W40,W39
3153,121773,55039,W23,W1,W39
3154,121780,81577,W33,W32,W27
3155,121798,79336,W32,W37,W36
3156,121800,81579,W33,W32,W29
3157,121828,81574,W33,W32,W24
3158,121831,97089,W39,W42,W39
3159,121854,81588,W33,W32,W38
3160,121861,81587,W33,W32,W37
3161,121906,81580,W33,W32,W30
3162,121915,79318,W32,W37,W18
3163,121922,79332,W32,W37,W32
3164,121944,124875,W50,W48,W25
3165,121950,124900,W50,W48,W50
3166,121963,124859,W50,W48,W9
3167,121968,79333,W32,W37,W33
3168,122008,81590,W33,W32,W40
3169,122029,81591,W33,W32,W41
3170,122030,81595,W33,W32,W45
3171,122036,81594,W33,W32,W44
3172,122044,79342,W32,W37,W42
3173,122053,79343,W32,W37,W43
3174,122154,122531,W50,W1,W31
3175,122174,124899,W50,W48,W49
3176,122184,124898,W50,W48,W48
3177,122204,57397,W23,W48,W47
3178,122297,96546,W39,W31,W46
3179,122317,122889,W50,W8,W39
3180,122327,79321,W32,W37,W21
3181,122331,79327,W32,W37,W27
3182,122344,79329,W32,W37,W29
3183,122376,79324,W32,W37,W24
3184,122404,79338,W32,W37,W38
3185,122408,79337,W32,W37,W37
3186,122449,79330,W32,W37,W30
3187,122500,124853,W50,W48,W3
3188,122538,79340,W32,W37,W40
3189,122559,79341,W32,W37,W41
3190,122562,79345,W32,W37,W45
3191,122571,79344,W32,W37,W44
3192,122777,109446,W44,W39,W46
3193,122822,122539,W50,W1,W39
3194,122861,76946,W31,W39,W46
3195,122997,74489,W30,W40,W39
3196,123034,82281,W33,W46,W31
3197,123052,107269,W43,W46,W19
3198,123090,114769,W46,W46,W19
3199,123092,111696,W45,W34,W46
3200,123151,107251,W43,W46,W1
3201,123159,107278,W43,W46,W28
3202,123173,124897,W50,W48,W47
3203,123220,114751,W46,W46,W1
3204,123227,114778,W46,W46,W28
3205,123232,106586,W43,W32,W36
3206,123267,76989,W31,W40,W39
3207,123277,114086,W46,W32,W36
3208,123309,106568,W43,W32,W18
3209,123314,106582,W43,W32,W32
3210,123316,107258,W43,W46,W8
3211,123340,106583,W43,W32,W33
3212,123348,114068,W46,W32,W18
3213,123354,114082,W46,W32,W32
3214,123358,114758,W46,W46,W8
3215,123383,114083,W46,W32,W33
3216,123392,106592,W43,W32,W42
3217,123398,106593,W43,W32,W43
3218,123440,107284,W43,W46,W34
3219,123445,114092,W46,W32,W42
3220,123447,114093,W46,W32,W43
3221,123486,114784,W46,W46,W34
3222,123491,104589,W42,W42,W39
3223,123562,106571,W43,W32,W21
3224,123569,106577,W43,W32,W27
3225,123575,106579,W43,W32,W29
3226,123594,82289,W33,W46,W39
3227,123596,106574,W43,W32,W24
3228,123604,114071,W46,W32,W21
3229,123613,106588,W43,W32,W38
3230,123614,114077,W46,W32,W27
3231,123619,106587,W43,W32,W37
3232,123625,114079,W46,W32,W29
3233,123648,114074,W46,W32,W24
3234,123649,106580,W43,W32,W30
3235,123665,114088,W46,W32,W38
3236,123668,114087,W46,W32,W37
3237,123692,114080,W46,W32,W30
3238,123702,106590,W43,W32,W40
3239,123710,106591,W43,W32,W41
3240,123712,106595,W43,W32,W45
3241,123715,106594,W43,W32,W44
3242,123728,114090,W46,W32,W40
3243,123740,114091,W46,W32,W41
3244,123742,114095,W46,W32,W45
3245,123743,114094,W46,W32,W44
3246,123771,104046,W42,W31,W46
3247,123815,120396,W49,W8,W46
3248,124057,79769,W32,W46,W19
3249,124058,120046,W49,W1,W46
3250,124061,109589,W44,W42,W39
3251,124101,107281,W43,W46,W31
3252,124121,79778,W32,W46,W28
3253,124127,114781,W46,W46,W31
3254,124140,79751,W32,W46,W1
3255,124151,79086,W32,W32,W36
3256,124205,79068,W32,W32,W18
3257,124207,79082,W32,W32,W32
3258,124223,77089,W31,W42,W39
3259,124235,79083,W32,W32,W33
3260,124242,79758,W32,W46,W8
3261,124250,109046,W44,W31,W46
3262,124258,79093,W32,W32,W43
3263,124260,79092,W32,W32,W42
3264,124292,79784,W32,W46,W34
3265,124318,107289,W43,W46,W39
3266,124343,79071,W32,W32,W21
3267,124344,114789,W46,W46,W39
3268,124347,79077,W32,W32,W27
3269,124352,79079,W32,W32,W29
3270,124358,79074,W32,W32,W24
3271,124370,79088,W32,W32,W38
3272,124372,79087,W32,W32,W37
3273,124389,79080,W32,W32,W30
3274,124396,76546,W31,W31,W46
3275,124414,79090,W32,W32,W40
3276,124421,79091,W32,W32,W41
3277,124422,79095,W32,W32,W45
3278,124424,79094,W32,W32,W44
3279,124487,55396,W23,W8,W46
3280,124504,122896,W50,W8,W46
3281,124612,122546,W50,W1,W46
3282,124630,79781,W32,W46,W31
3283,124631,55046,W23,W1,W46
3284,124740,79789,W32,W46,W39
3285,124790,82296,W33,W46,W46
3286,124880,107296,W43,W46,W46
3287,124891,114796,W46,W46,W46
3288,124972,79796,W32,W46,W46
